Date,HomeTeam,AwayTeam,FTR,Home_RollingGoalsScored,Home_RollingGoalsConceded,Home_RollingShots,Home_RollingShotsOnTarget,Home_RollingCorners,Home_FormPoints,Away_RollingGoalsScored,Away_RollingGoalsConceded,Away_RollingShots,Away_RollingShotsOnTarget,Away_RollingCorners,Away_FormPoints,Target
2018-09-22,Brighton,Tottenham,A,1.4,1.8,9.0,2.8,4.2,5.0,2.0,1.2,14.2,5.2,5.4,9.0,2
2018-09-22,Burnley,Bournemouth,H,0.6,2.0,10.4,3.0,3.6,1.0,2.0,1.4,11.8,4.0,5.4,10.0,0
2018-09-22,Cardiff,Man City,A,0.6,1.8,11.2,2.2,4.6,2.0,2.8,0.6,23.8,9.0,8.4,13.0,2
2018-09-22,Crystal Palace,Newcastle,D,0.8,1.2,10.8,4.4,4.8,6.0,0.8,1.6,8.0,2.8,4.4,1.0,1
2018-09-22,Fulham,Watford,D,1.4,2.4,13.8,5.8,3.6,4.0,2.0,1.0,12.4,4.8,5.0,12.0,1
2018-09-22,Leicester,Huddersfield,H,1.6,1.8,10.6,4.8,3.8,6.0,0.4,2.2,8.0,2.2,4.0,2.0,0
2018-09-22,Liverpool,Southampton,H,2.2,0.4,16.6,7.2,5.6,15.0,1.2,1.2,15.4,4.6,5.6,5.0,0
2018-09-22,Man United,Wolves,D,1.6,1.6,14.0,5.8,5.0,9.0,1.0,1.0,15.6,4.4,5.8,8.0,1
2018-09-23,Arsenal,Everton,H,2.0,1.8,14.0,6.4,5.2,9.0,1.6,1.8,11.4,4.0,3.6,6.0,0
2018-09-23,West Ham,Chelsea,D,1.0,2.2,10.2,3.8,3.6,3.0,2.8,0.8,18.8,6.2,5.4,15.0,1
2018-09-29,Wolves,Southampton,H,0.8,0.8,15.6,5.2,6.0,8.0,1.2,1.8,13.2,4.2,4.8,4.0,0
2018-09-29,West Ham,Man United,H,1.0,1.4,10.4,3.6,3.0,4.0,1.4,1.6,15.4,5.8,5.6,7.0,0
2018-09-29,Newcastle,Leicester,A,0.6,1.2,6.2,3.0,4.8,2.0,2.0,1.6,11.6,5.6,3.4,9.0,2
2018-09-29,Everton,Fulham,H,1.2,1.8,12.0,4.2,4.2,5.0,1.6,2.2,13.8,5.2,4.2,5.0,0
2018-09-29,Huddersfield,Tottenham,A,0.6,2.2,8.6,2.4,3.8,2.0,2.0,1.2,14.4,5.6,5.8,9.0,2
2018-09-29,Chelsea,Liverpool,D,2.2,0.8,19.6,6.6,6.0,13.0,2.0,0.4,15.4,6.4,5.6,15.0,1
2018-09-29,Arsenal,Watford,H,2.4,1.4,14.0,6.8,5.8,12.0,1.8,1.2,10.8,5.0,5.0,10.0,0
2018-09-29,Man City,Brighton,H,3.4,0.6,24.6,9.4,8.4,13.0,1.6,1.8,9.4,3.6,4.8,5.0,0
2018-09-30,Cardiff,Burnley,A,0.6,2.4,9.6,2.4,4.0,2.0,1.4,2.0,9.6,2.8,3.2,3.0,2
2018-10-01,Bournemouth,Crystal Palace,H,1.6,2.2,13.2,4.2,5.6,7.0,0.4,1.2,12.0,3.4,5.6,4.0,0
2018-10-05,Brighton,West Ham,H,1.0,1.8,9.0,3.2,4.8,2.0,1.4,1.2,9.8,3.2,2.6,7.0,0
2018-10-06,Watford,Bournemouth,A,1.2,1.4,11.6,4.6,5.8,7.0,1.6,2.2,13.0,4.2,5.4,7.0,2
2018-10-06,Tottenham,Cardiff,H,1.8,1.0,11.4,4.6,4.8,9.0,0.8,2.8,11.0,3.2,5.0,1.0,0
2018-10-06,Burnley,Huddersfield,D,1.6,1.6,8.6,2.6,2.6,6.0,0.4,1.4,9.4,3.2,3.8,2.0,1
2018-10-06,Leicester,Everton,A,2.0,1.6,12.8,6.2,5.0,9.0,1.4,1.6,13.2,4.0,6.2,5.0,2
2018-10-06,Crystal Palace,Wolves,A,0.6,1.2,12.4,3.4,5.0,4.0,1.2,0.4,16.2,5.8,5.8,11.0,2
2018-10-06,Man United,Newcastle,H,1.2,1.6,15.4,6.0,6.4,7.0,0.6,1.6,5.0,2.0,4.8,1.0,0
2018-10-07,Fulham,Arsenal,A,1.4,2.2,13.0,4.6,4.0,5.0,2.4,0.8,12.8,6.0,6.8,15.0,2
2018-10-07,Liverpool,Man City,D,1.8,0.6,14.8,6.4,5.0,13.0,2.6,0.4,23.8,8.2,8.4,13.0,1
2018-10-07,Southampton,Chelsea,A,1.0,1.8,13.6,4.6,5.0,4.0,1.8,0.6,16.8,5.2,5.8,11.0,2
2018-10-20,Wolves,Watford,A,1.2,0.2,15.4,5.8,5.4,13.0,0.8,2.0,11.8,4.0,6.6,4.0,2
2018-10-20,West Ham,Tottenham,A,1.2,0.8,10.6,3.0,4.0,7.0,1.4,1.0,13.4,5.0,5.6,9.0,2
2018-10-20,Newcastle,Brighton,A,0.8,1.8,6.4,3.2,5.2,1.0,1.2,1.6,9.6,3.6,4.2,5.0,2
2018-10-20,Man City,Burnley,H,2.4,0.2,21.4,7.4,7.8,13.0,1.4,1.0,7.4,2.8,2.0,7.0,0
2018-10-20,Chelsea,Man United,D,2.0,0.4,18.0,5.8,7.2,11.0,1.8,1.4,14.4,7.0,7.4,10.0,1
2018-10-20,Cardiff,Fulham,H,0.8,3.0,9.8,3.6,4.0,0.0,0.8,2.8,12.2,3.0,3.6,2.0,0
2018-10-20,Bournemouth,Southampton,D,2.0,1.8,11.6,4.6,5.6,9.0,0.8,2.0,14.4,4.8,3.8,4.0,1
2018-10-20,Huddersfield,Liverpool,A,0.6,1.6,12.2,3.4,4.4,2.0,1.6,0.6,11.8,5.2,3.8,11.0,2
2018-10-21,Everton,Crystal Palace,H,1.4,1.4,14.4,5.0,7.8,7.0,0.4,1.0,12.8,3.6,5.6,4.0,0
2018-10-22,Arsenal,Leicester,H,2.8,0.8,11.2,5.4,5.2,15.0,1.8,1.8,12.8,5.6,4.8,6.0,0
2018-10-27,Southampton,Newcastle,D,0.4,2.0,12.2,4.4,3.8,2.0,0.6,1.6,11.2,4.0,7.2,1.0,1
2018-10-27,Watford,Huddersfield,H,0.8,1.8,12.2,4.0,6.4,4.0,0.4,1.6,13.0,2.4,4.2,1.0,0
2018-10-27,Leicester,West Ham,D,1.8,2.0,12.0,5.0,4.8,6.0,1.2,0.8,10.6,3.2,5.2,7.0,1
2018-10-27,Fulham,Bournemouth,A,0.8,3.2,12.0,2.8,4.2,1.0,2.0,1.4,12.0,4.8,5.6,10.0,2
2018-10-27,Liverpool,Cardiff,H,1.4,0.4,12.0,4.8,3.8,11.0,1.2,2.8,11.4,4.0,4.2,3.0,0
2018-10-27,Brighton,Wolves,H,1.0,1.2,8.2,3.0,3.2,7.0,1.0,0.6,14.4,4.8,6.2,10.0,0
2018-10-28,Crystal Palace,Arsenal,D,0.4,1.0,10.2,3.0,5.2,4.0,2.8,0.6,11.6,4.4,4.6,15.0,1
2018-10-28,Man United,Everton,H,1.8,1.8,11.6,6.0,7.0,8.0,1.6,1.2,16.2,5.6,9.0,9.0,0
2018-10-28,Burnley,Chelsea,A,1.4,1.6,6.6,2.4,1.8,7.0,2.0,0.8,17.4,5.8,6.8,9.0,2
2018-10-29,Tottenham,Man City,A,1.4,0.6,13.2,5.0,4.8,12.0,3.0,0.0,21.4,7.8,9.0,13.0,2
2018-11-03,West Ham,Burnley,H,0.8,0.8,11.0,3.0,4.8,5.0,1.4,2.2,6.6,2.2,2.2,7.0,0
2018-11-03,Newcastle,Watford,H,0.4,1.2,11.6,3.6,5.6,2.0,1.2,1.4,11.8,4.2,5.8,7.0,0
2018-11-03,Wolves,Tottenham,A,0.8,0.8,13.4,4.8,6.6,7.0,1.2,0.4,11.8,4.6,4.4,12.0,2
2018-11-03,Cardiff,Leicester,A,1.2,2.8,10.6,3.8,3.4,3.0,1.6,1.4,13.4,4.8,5.2,7.0,2
2018-11-03,Bournemouth,Man United,A,1.8,1.0,12.4,4.8,5.8,10.0,1.8,1.8,12.6,6.8,7.0,8.0,2
2018-11-03,Arsenal,Liverpool,D,2.8,0.8,10.6,4.4,4.6,13.0,1.8,0.4,12.4,4.2,4.6,11.0,1
2018-11-03,Everton,Brighton,H,1.6,1.0,15.8,6.0,9.0,9.0,0.8,0.8,6.2,2.4,2.6,9.0,0
2018-11-04,Man City,Southampton,H,2.6,0.0,18.4,7.2,8.2,13.0,0.0,1.6,13.8,4.2,5.0,2.0,0
2018-11-04,Chelsea,Crystal Palace,H,2.0,0.6,18.6,6.0,6.6,9.0,0.6,1.4,12.0,3.2,5.8,2.0,0
2018-11-05,Huddersfield,Fulham,H,0.4,2.0,12.6,3.4,3.8,1.0,0.8,3.2,12.4,2.4,4.4,1.0,0
2018-11-10,Cardiff,Brighton,H,1.2,2.0,12.4,3.8,4.4,3.0,0.8,1.0,5.6,2.2,2.4,9.0,0
2018-11-10,Crystal Palace,Tottenham,A,0.8,2.0,10.2,2.8,4.4,1.0,1.4,0.6,10.6,4.8,3.2,12.0,2
2018-11-10,Huddersfield,West Ham,D,0.4,1.4,12.8,3.4,4.6,4.0,1.6,1.2,14.2,4.8,6.6,7.0,1
2018-11-10,Leicester,Burnley,D,1.2,1.2,12.4,4.2,7.0,7.0,1.0,3.0,5.4,1.8,2.4,4.0,1
2018-11-10,Newcastle,Bournemouth,H,0.6,1.2,12.4,3.4,6.2,4.0,2.0,0.6,12.2,5.2,6.0,10.0,0
2018-11-10,Southampton,Watford,D,0.2,2.2,14.8,5.2,5.0,2.0,1.0,1.4,12.8,3.2,6.0,6.0,1
2018-11-11,Man City,Man United,H,2.8,0.2,17.8,6.8,7.2,13.0,2.0,1.8,13.2,7.2,7.0,10.0,0
2018-11-11,Liverpool,Fulham,H,1.4,0.6,12.6,4.2,5.2,9.0,0.6,3.2,10.8,2.0,3.6,0.0,0
2018-11-11,Chelsea,Everton,D,2.6,0.8,18.2,6.0,5.8,11.0,2.2,0.8,16.8,5.4,8.4,12.0,1
2018-11-11,Arsenal,Wolves,D,2.6,1.0,11.2,4.2,4.6,11.0,1.0,1.2,14.4,4.6,6.8,6.0,1
2018-11-24,Brighton,Leicester,D,1.0,1.0,6.2,2.6,2.0,9.0,0.8,1.2,14.4,4.2,7.6,5.0,1
2018-11-24,Everton,Cardiff,H,1.6,0.8,14.2,4.4,7.0,10.0,1.4,1.8,12.6,4.0,3.2,6.0,0
2018-11-24,Fulham,Southampton,H,0.6,3.0,11.2,2.6,4.0,0.0,0.4,2.0,14.2,4.8,5.2,3.0,0
2018-11-24,Man United,Crystal Palace,D,2.0,1.8,12.6,6.6,5.4,10.0,0.6,1.8,10.4,3.2,5.8,1.0,1
2018-11-24,Tottenham,Chelsea,H,1.2,0.6,10.8,4.0,4.4,12.0,2.4,0.6,19.2,6.0,6.0,11.0,0
2018-11-24,Watford,Liverpool,A,1.2,1.2,12.6,3.6,6.0,7.0,1.6,0.4,14.0,4.4,5.6,11.0,2
2018-11-24,West Ham,Man City,A,1.2,1.2,15.0,5.2,7.0,5.0,3.0,0.4,15.6,6.2,6.2,13.0,2
2018-11-25,Bournemouth,Arsenal,A,1.8,0.8,12.8,5.0,7.4,7.0,2.4,1.2,11.4,4.4,5.6,9.0,2
2018-11-25,Wolves,Huddersfield,A,0.8,1.4,14.0,4.4,5.6,4.0,0.6,1.2,14.0,3.8,5.0,5.0,2
2018-11-26,Burnley,Newcastle,A,0.6,2.8,6.0,1.6,2.2,2.0,1.0,1.0,14.8,4.4,6.6,7.0,2
2018-11-30,Cardiff,Wolves,H,1.4,1.8,12.4,3.0,3.4,6.0,0.6,1.8,15.0,4.6,5.6,1.0,0
2018-12-01,Southampton,Man United,D,0.8,2.0,15.0,5.2,5.4,3.0,1.4,1.4,11.4,5.6,5.4,8.0,1
2018-12-01,Newcastle,West Ham,A,1.0,0.6,15.6,3.4,6.4,10.0,1.2,1.8,13.4,4.6,6.8,5.0,2
2018-12-01,Crystal Palace,Burnley,H,0.6,1.6,10.8,2.8,5.2,2.0,0.6,3.0,7.6,1.8,3.0,1.0,0
2018-12-01,Leicester,Watford,H,0.8,1.0,14.4,4.4,7.4,6.0,1.2,1.0,10.8,3.4,5.0,7.0,0
2018-12-01,Huddersfield,Brighton,A,0.8,1.0,13.0,4.6,4.0,7.0,1.0,1.2,7.2,2.4,2.8,7.0,2
2018-12-01,Man City,Bournemouth,H,3.8,0.4,16.2,7.0,5.2,15.0,1.2,1.2,13.0,4.6,7.0,4.0,0
2018-12-02,Arsenal,Tottenham,H,1.8,1.2,13.6,3.8,6.8,9.0,1.6,0.8,10.6,4.4,4.0,12.0,0
2018-12-02,Chelsea,Fulham,H,2.0,1.2,17.6,5.2,4.4,8.0,1.0,2.4,9.0,2.8,3.6,3.0,0
2018-12-02,Liverpool,Everton,H,2.2,0.4,14.6,5.4,6.2,13.0,1.4,0.6,14.0,4.4,6.4,10.0,0
2018-12-04,West Ham,Cardiff,H,1.8,1.6,12.2,4.6,5.4,8.0,1.0,1.6,11.4,2.6,4.0,6.0,0
2018-12-04,Brighton,Crystal Palace,H,1.2,1.4,8.4,3.2,3.6,7.0,1.0,1.2,15.2,4.0,6.2,5.0,0
2018-12-04,Watford,Man City,A,0.8,1.4,10.6,2.8,6.2,4.0,3.4,0.6,14.6,6.2,4.8,15.0,2
2018-12-04,Bournemouth,Huddersfield,H,1.4,1.8,11.8,4.4,6.6,3.0,1.0,1.2,11.8,4.8,4.0,7.0,0
2018-12-05,Burnley,Liverpool,A,0.6,2.4,7.4,1.8,3.2,1.0,2.2,0.4,15.6,5.6,7.0,13.0,2
2018-12-05,Everton,Newcastle,D,1.0,0.8,11.8,4.2,4.6,7.0,1.0,1.0,13.4,3.0,5.8,10.0,1
2018-12-05,Fulham,Leicester,D,0.6,2.0,9.0,2.8,4.0,3.0,1.0,0.4,14.2,4.6,7.4,9.0,1
2018-12-05,Man United,Arsenal,D,1.4,1.4,12.2,5.8,5.8,8.0,2.0,1.4,14.2,4.0,7.2,9.0,1
2018-12-05,Tottenham,Southampton,H,1.8,1.6,10.8,5.2,3.8,9.0,1.2,2.4,16.6,5.6,5.2,3.0,0
2018-12-05,Wolves,Chelsea,H,0.8,1.8,16.0,5.2,5.2,1.0,2.0,0.8,16.6,5.8,4.2,10.0,0
2018-12-08,West Ham,Crystal Palace,H,2.2,1.6,13.4,6.2,7.4,10.0,0.8,1.4,15.6,4.4,6.0,4.0,0
2018-12-08,Man United,Fulham,H,1.4,1.6,11.4,5.2,5.0,6.0,0.8,1.6,11.8,4.0,5.0,4.0,0
2018-12-08,Leicester,Tottenham,A,1.0,0.4,12.6,4.2,7.4,9.0,2.4,1.6,12.6,6.6,4.8,12.0,2
2018-12-08,Cardiff,Southampton,H,1.0,1.4,12.8,3.4,4.8,6.0,1.4,3.0,15.8,5.8,5.0,2.0,0
2018-12-08,Burnley,Brighton,H,0.8,2.2,8.0,2.8,3.4,1.0,1.6,1.6,9.8,3.6,4.2,7.0,0
2018-12-08,Bournemouth,Liverpool,A,1.2,2.0,10.6,3.8,6.4,3.0,2.0,0.4,15.4,6.6,7.2,13.0,2
2018-12-08,Arsenal,Huddersfield,H,2.0,1.4,14.6,4.4,7.2,9.0,1.2,1.0,13.8,4.6,5.0,7.0,0
2018-12-08,Chelsea,Man City,H,1.4,1.2,15.2,4.8,4.4,7.0,3.6,0.8,15.0,6.4,5.8,15.0,0
2018-12-09,Newcastle,Wolves,A,1.2,1.2,13.8,4.0,5.8,10.0,1.2,1.8,12.2,4.2,3.4,4.0,2
2018-12-10,Everton,Watford,D,1.0,0.6,12.8,3.6,6.6,8.0,0.4,1.8,10.4,3.0,6.2,1.0,1
2018-12-15,Watford,Cardiff,H,0.8,2.0,10.2,3.4,5.6,2.0,1.2,1.2,13.2,3.8,5.0,9.0,0
2018-12-15,Tottenham,Burnley,H,2.2,1.2,12.0,5.4,5.6,12.0,0.6,1.4,9.6,3.0,3.0,4.0,0
2018-12-15,Wolves,Bournemouth,H,1.2,1.4,11.6,4.0,3.6,7.0,1.0,2.4,8.6,2.8,5.8,3.0,0
2018-12-15,Huddersfield,Newcastle,A,1.0,1.2,13.0,4.2,4.2,4.0,1.2,1.6,14.2,4.4,5.0,7.0,2
2018-12-15,Fulham,West Ham,A,1.0,2.2,12.4,4.6,4.8,4.0,2.0,1.6,11.6,5.4,6.4,10.0,2
2018-12-15,Crystal Palace,Leicester,H,1.0,1.4,15.8,4.8,6.2,4.0,0.8,0.8,12.2,3.8,6.2,6.0,0
2018-12-15,Man City,Everton,H,2.4,1.0,14.2,5.6,7.6,12.0,0.8,0.8,12.4,4.0,6.6,6.0,0
2018-12-16,Brighton,Chelsea,A,1.4,1.2,11.6,3.2,4.8,7.0,1.2,1.0,13.8,4.6,3.8,7.0,2
2018-12-16,Liverpool,Man United,H,2.6,0.2,14.8,6.6,6.8,15.0,1.8,1.6,11.8,5.8,6.0,6.0,0
2018-12-16,Southampton,Arsenal,H,1.2,2.0,15.8,4.8,5.6,2.0,2.0,1.2,15.0,4.0,7.6,11.0,0
2018-12-21,Wolves,Liverpool,A,1.4,1.2,11.0,3.6,4.2,9.0,2.8,0.4,18.0,7.4,8.2,15.0,2
2018-12-22,West Ham,Watford,A,2.2,1.4,10.4,5.0,6.0,12.0,1.2,2.2,11.2,3.8,5.4,4.0,2
2018-12-22,Man City,Crystal Palace,A,2.4,1.0,13.4,5.6,7.8,12.0,1.2,1.2,15.2,4.2,5.0,7.0,2
2018-12-22,Newcastle,Fulham,D,1.0,1.4,12.2,4.2,3.8,7.0,1.0,2.2,14.0,4.8,5.4,4.0,1
2018-12-22,Chelsea,Leicester,A,1.6,1.2,12.8,4.4,3.0,9.0,0.8,1.0,10.2,3.2,4.6,5.0,2
2018-12-22,Cardiff,Man United,A,1.2,1.6,11.2,3.2,4.2,6.0,1.8,1.6,11.8,6.0,6.2,6.0,2
2018-12-22,Bournemouth,Brighton,H,0.8,2.4,8.4,2.6,4.4,3.0,1.4,1.2,11.4,3.0,5.4,7.0,0
2018-12-22,Arsenal,Burnley,H,2.2,1.6,15.6,4.2,6.4,10.0,0.6,1.6,9.2,2.8,3.4,3.0,0
2018-12-22,Huddersfield,Southampton,A,0.8,1.2,13.0,3.8,5.2,3.0,1.6,2.2,15.4,5.4,5.0,4.0,2
2018-12-23,Everton,Tottenham,A,1.0,1.4,13.0,4.2,6.0,5.0,2.2,1.2,12.8,5.6,6.0,12.0,2
2018-12-26,Brighton,Arsenal,D,1.2,1.4,10.6,3.4,5.2,6.0,2.4,1.6,13.6,4.6,5.0,10.0,1
2018-12-26,Burnley,Everton,A,0.6,1.8,7.8,2.4,3.0,3.0,1.2,2.6,11.8,3.2,5.0,2.0,2
2018-12-26,Crystal Palace,Cardiff,D,1.8,1.6,13.6,4.4,4.4,9.0,1.4,2.4,11.6,3.6,4.4,6.0,1
2018-12-26,Fulham,Wolves,D,0.4,1.8,12.8,4.2,5.0,2.0,1.4,1.2,10.8,4.0,3.8,9.0,1
2018-12-26,Leicester,Man City,H,0.8,0.8,10.2,3.2,5.4,7.0,2.0,1.6,15.4,5.4,10.2,9.0,0
2018-12-26,Liverpool,Newcastle,H,2.6,0.4,19.0,7.2,9.2,15.0,0.6,1.2,10.6,3.6,4.0,5.0,0
2018-12-26,Tottenham,Bournemouth,H,2.8,1.4,12.6,5.4,5.4,12.0,1.0,2.0,9.0,2.2,4.6,6.0,0
2018-12-26,Watford,Chelsea,A,1.6,1.6,12.4,4.6,5.2,7.0,1.4,0.8,13.6,5.0,4.0,9.0,2
2018-12-26,Man United,Huddersfield,H,2.8,1.8,12.8,6.8,5.6,8.0,0.6,1.8,13.4,3.6,5.8,0.0,0
2018-12-27,Southampton,West Ham,A,1.8,1.8,14.2,5.0,4.4,7.0,2.2,1.0,12.2,6.2,6.4,12.0,2
2018-12-29,Brighton,Everton,H,1.0,1.4,10.2,2.8,4.8,4.0,2.2,2.6,12.6,3.8,6.2,5.0,0
2018-12-29,Watford,Newcastle,D,1.8,1.6,12.8,5.0,4.2,7.0,0.6,1.4,8.6,3.2,3.0,5.0,1
2018-12-29,Liverpool,Arsenal,H,3.2,0.4,19.0,8.2,9.6,15.0,1.8,1.4,10.6,4.0,5.2,8.0,0
2018-12-29,Leicester,Cardiff,A,0.8,1.0,10.8,3.6,5.2,7.0,1.0,2.2,10.0,3.8,3.2,4.0,2
2018-12-29,Fulham,Huddersfield,H,0.6,1.6,13.2,5.2,4.2,3.0,0.6,2.0,14.0,3.6,6.0,0.0,0
2018-12-29,Tottenham,Wolves,A,3.4,0.6,12.4,5.6,5.0,15.0,1.4,1.0,10.6,4.2,2.6,10.0,2
2018-12-30,Man United,Bournemouth,H,3.0,1.6,13.8,7.8,5.6,10.0,0.8,2.4,11.0,2.8,4.6,6.0,0
2018-12-30,Crystal Palace,Chelsea,A,1.4,1.6,14.0,3.6,4.8,7.0,1.4,1.0,12.4,4.0,4.0,9.0,2
2018-12-30,Burnley,West Ham,H,0.8,2.4,9.2,3.2,3.6,3.0,2.0,1.2,14.0,6.4,6.8,12.0,0
2018-12-30,Southampton,Man City,A,1.6,1.8,13.2,4.8,4.6,6.0,1.6,1.8,14.4,5.0,10.0,6.0,2
2019-01-01,Cardiff,Tottenham,A,1.0,1.6,10.6,3.4,3.2,7.0,3.0,1.0,11.8,4.6,4.6,12.0,2
2019-01-01,Arsenal,Fulham,H,1.6,2.0,10.4,3.6,5.0,7.0,0.6,1.4,11.0,4.8,3.0,5.0,0
2019-01-01,Everton,Leicester,A,2.0,2.6,11.4,4.0,4.6,4.0,0.6,1.0,11.4,4.0,5.6,6.0,2
2019-01-02,Chelsea,Southampton,D,1.4,0.6,11.4,4.2,3.8,12.0,1.6,1.8,10.6,4.6,4.0,6.0,1
2019-01-02,Huddersfield,Burnley,A,0.4,1.8,11.2,3.4,5.0,0.0,1.0,1.8,10.6,3.0,3.6,6.0,2
2019-01-02,Newcastle,Man United,A,0.6,1.4,8.6,2.6,3.8,5.0,3.4,1.4,14.0,8.0,5.6,12.0,2
2019-01-02,West Ham,Brighton,D,1.4,1.4,12.8,5.0,5.8,9.0,0.6,1.2,10.6,2.8,5.2,4.0,1
2019-01-02,Wolves,Crystal Palace,A,1.6,1.0,11.6,4.6,3.8,10.0,1.2,1.2,11.2,2.6,4.4,7.0,2
2019-01-02,Bournemouth,Watford,D,0.6,3.0,11.2,3.0,4.8,3.0,1.8,1.4,13.0,4.6,4.2,8.0,1
2019-01-03,Man City,Liverpool,H,1.8,1.8,14.2,4.8,9.4,6.0,3.6,0.4,18.4,7.8,8.8,15.0,0
2019-01-12,Brighton,Liverpool,A,1.0,1.4,10.4,3.8,4.8,5.0,3.0,0.8,17.8,8.0,7.8,12.0,2
2019-01-12,Burnley,Fulham,H,1.2,2.0,11.0,3.8,3.6,6.0,0.6,1.4,10.8,4.8,3.0,5.0,0
2019-01-12,Cardiff,Huddersfield,D,0.8,2.2,9.2,3.2,2.8,4.0,0.6,2.0,11.8,3.8,5.8,0.0,1
2019-01-12,Chelsea,Newcastle,H,1.0,0.6,13.2,4.4,5.0,10.0,0.4,1.4,9.0,2.4,3.2,5.0,0
2019-01-12,Crystal Palace,Watford,A,1.2,0.6,13.0,2.6,5.8,10.0,2.0,1.6,12.2,4.6,3.4,8.0,2
2019-01-12,Leicester,Southampton,A,0.8,0.6,10.8,4.2,5.4,9.0,1.6,1.6,9.4,4.8,3.0,7.0,2
2019-01-12,West Ham,Arsenal,H,1.2,1.4,12.8,5.0,5.0,7.0,2.2,2.2,10.8,5.0,5.2,7.0,0
2019-01-13,Tottenham,Man United,A,3.2,1.0,13.0,5.0,4.2,12.0,3.0,1.2,13.2,7.2,4.0,12.0,2
2019-01-13,Everton,Bournemouth,H,1.6,2.4,12.4,3.4,4.6,3.0,1.2,2.8,14.6,5.0,4.4,4.0,0
2019-01-14,Man City,Wolves,H,2.2,1.6,13.2,4.8,7.2,9.0,1.2,1.2,10.8,3.6,3.2,7.0,0
2019-01-19,Wolves,Leicester,H,0.8,1.8,9.6,3.0,2.4,4.0,1.0,0.8,13.0,5.0,6.6,9.0,0
2019-01-19,Watford,Burnley,D,1.8,1.4,12.0,3.4,3.8,8.0,1.6,2.0,12.4,3.8,3.4,9.0,1
2019-01-19,Southampton,Everton,H,1.4,1.4,8.6,4.0,2.8,7.0,1.8,1.8,13.6,3.6,5.2,6.0,0
2019-01-19,Arsenal,Chelsea,H,1.8,1.8,10.4,4.6,4.8,7.0,1.0,0.6,13.2,5.0,6.4,10.0,0
2019-01-19,Man United,Brighton,H,3.0,0.6,14.6,8.4,4.4,15.0,0.8,1.2,10.6,3.4,4.4,5.0,0
2019-01-19,Liverpool,Crystal Palace,H,2.6,0.6,12.6,6.4,6.6,12.0,1.2,1.0,14.4,3.6,6.4,7.0,0
2019-01-19,Bournemouth,West Ham,H,1.2,2.8,15.2,5.8,5.6,4.0,1.0,1.4,13.8,5.0,5.6,7.0,0
2019-01-19,Newcastle,Cardiff,H,0.4,1.8,9.2,1.8,4.0,2.0,0.4,1.6,7.8,2.6,3.4,5.0,0
2019-01-20,Fulham,Tottenham,A,0.8,1.4,10.0,4.8,3.0,5.0,3.0,1.2,14.2,6.6,4.0,9.0,2
2019-01-20,Huddersfield,Man City,A,0.6,1.8,11.6,3.2,5.8,1.0,2.2,1.4,15.4,5.6,8.4,9.0,2
2019-01-29,Arsenal,Cardiff,H,1.6,1.6,11.0,4.4,5.6,7.0,0.2,1.2,7.8,2.2,4.6,5.0,0
2019-01-29,Fulham,Brighton,H,1.0,1.8,11.6,5.2,4.4,4.0,1.0,1.2,10.0,3.0,4.4,5.0,0
2019-01-29,Huddersfield,Everton,A,0.4,1.8,9.4,2.6,4.4,1.0,1.6,1.0,13.0,3.4,6.0,6.0,2
2019-01-29,Man United,Burnley,D,2.4,0.6,15.2,7.6,4.2,15.0,1.4,1.4,13.2,4.0,4.2,10.0,1
2019-01-29,Newcastle,Man City,H,1.0,1.8,10.6,3.0,4.2,4.0,2.4,0.8,14.0,5.4,6.6,12.0,0
2019-01-29,Wolves,West Ham,H,1.6,2.0,9.8,3.4,3.2,7.0,1.0,1.4,12.0,3.8,4.2,7.0,0
2019-01-30,Tottenham,Watford,H,2.2,1.0,13.6,6.0,5.8,9.0,1.4,1.4,11.6,3.2,3.2,6.0,0
2019-01-30,Southampton,Crystal Palace,D,1.2,1.4,8.2,3.6,3.8,7.0,1.2,1.4,15.2,3.6,7.0,4.0,1
2019-01-30,Bournemouth,Chelsea,H,1.2,2.8,14.4,6.0,4.8,4.0,1.0,0.8,12.4,4.2,5.8,10.0,0
2019-01-30,Liverpool,Leicester,D,3.0,1.2,13.4,7.0,6.2,12.0,1.4,1.6,14.6,5.6,7.4,6.0,1
2019-02-02,Tottenham,Newcastle,H,1.6,1.2,15.0,5.2,7.0,9.0,1.4,1.2,10.6,3.0,4.0,7.0,0
2019-02-02,Everton,Wolves,A,0.8,0.8,12.4,3.2,5.4,6.0,2.0,1.8,11.0,4.2,4.2,9.0,2
2019-02-02,Brighton,Watford,D,1.2,1.8,10.6,3.6,3.8,4.0,1.4,1.4,11.4,3.0,3.6,6.0,1
2019-02-02,Chelsea,Huddersfield,H,0.6,1.4,12.6,4.8,6.4,7.0,0.2,1.4,9.4,2.6,4.4,1.0,0
2019-02-02,Burnley,Southampton,D,1.6,0.8,12.2,4.0,3.8,11.0,1.2,1.2,8.6,3.4,3.6,8.0,1
2019-02-02,Crystal Palace,Fulham,H,1.4,1.6,12.0,3.2,6.2,4.0,1.6,2.0,14.2,4.8,6.0,6.0,0
2019-02-02,Cardiff,Bournemouth,H,0.4,1.6,9.8,1.8,5.8,4.0,2.0,1.8,14.0,6.6,4.6,7.0,0
2019-02-03,Man City,Arsenal,H,2.4,0.8,14.2,5.4,6.8,12.0,1.8,1.6,12.6,4.4,4.6,9.0,0
2019-02-03,Leicester,Man United,A,1.2,1.6,13.6,5.0,7.0,4.0,2.2,0.8,17.6,7.4,5.4,13.0,2
2019-02-04,West Ham,Liverpool,D,0.6,1.8,9.6,2.8,3.4,4.0,2.4,1.4,12.2,6.0,5.6,10.0,1
2019-02-06,Everton,Man City,A,1.0,1.2,12.4,3.2,4.8,6.0,2.4,0.8,15.2,6.6,6.0,12.0,2
2019-02-09,Brighton,Burnley,A,1.0,1.8,12.6,3.8,4.0,2.0,1.4,1.0,11.8,4.2,3.6,9.0,2
2019-02-09,Crystal Palace,West Ham,D,1.8,1.4,14.6,4.4,7.8,7.0,0.8,1.6,10.0,2.4,2.8,5.0,1
2019-02-09,Huddersfield,Arsenal,A,0.2,2.2,8.6,2.0,4.2,1.0,1.8,1.2,11.8,4.4,4.4,9.0,2
2019-02-09,Liverpool,Bournemouth,H,1.6,1.4,11.4,5.2,5.6,8.0,1.8,1.4,14.4,6.4,5.0,7.0,0
2019-02-09,Southampton,Cardiff,A,1.2,0.8,9.6,3.4,3.4,9.0,0.6,1.6,9.8,2.2,6.2,4.0,2
2019-02-09,Watford,Everton,H,1.2,1.2,10.0,2.0,3.0,6.0,1.0,1.4,9.8,3.0,4.6,6.0,0
2019-02-09,Fulham,Man United,A,1.4,2.4,13.0,3.8,5.4,3.0,1.6,0.6,17.4,7.0,5.0,13.0,2
2019-02-10,Man City,Chelsea,H,2.4,0.6,16.4,6.6,6.8,12.0,1.4,1.4,14.8,5.4,7.8,7.0,0
2019-02-10,Tottenham,Leicester,H,1.6,0.6,17.2,5.4,7.0,12.0,1.2,1.6,13.8,4.8,6.4,4.0,0
2019-02-11,Wolves,Newcastle,D,2.0,1.8,10.4,4.2,3.0,9.0,1.2,1.2,10.6,3.0,3.4,6.0,1
2019-02-22,Cardiff,Watford,A,1.0,1.2,9.8,2.2,5.6,7.0,0.8,0.6,9.2,1.8,4.2,8.0,2
2019-02-22,West Ham,Fulham,H,0.6,1.4,8.6,2.0,3.4,5.0,1.2,2.2,14.2,3.6,5.8,3.0,0
2019-02-23,Burnley,Tottenham,H,1.6,1.0,10.4,3.6,3.8,9.0,1.6,0.8,17.0,5.6,6.8,12.0,0
2019-02-23,Bournemouth,Wolves,D,1.2,1.4,11.8,4.4,5.2,6.0,2.2,1.6,13.0,5.2,5.0,10.0,1
2019-02-23,Leicester,Crystal Palace,A,1.2,2.2,16.2,5.8,7.2,1.0,1.6,1.6,16.2,4.6,7.8,5.0,2
2019-02-23,Newcastle,Huddersfield,H,1.4,1.0,9.6,3.0,3.4,7.0,0.2,2.2,9.8,2.8,4.2,1.0,0
2019-02-24,Arsenal,Southampton,H,1.4,1.2,10.4,3.4,2.8,9.0,1.4,1.2,11.2,4.4,4.6,8.0,0
2019-02-24,Man United,Liverpool,D,1.8,0.6,17.2,7.0,5.4,13.0,2.0,1.0,14.0,6.0,7.0,11.0,1
2019-02-26,Cardiff,Everton,A,1.2,2.2,12.2,3.4,5.6,6.0,0.6,1.6,8.6,3.2,4.0,3.0,2
2019-02-26,Huddersfield,Wolves,H,0.2,2.6,7.6,2.6,2.2,0.0,2.4,1.2,14.4,5.6,6.4,11.0,0
2019-02-26,Leicester,Brighton,H,1.2,2.6,17.0,5.6,6.8,1.0,0.8,2.0,13.2,3.8,4.8,1.0,0
2019-02-26,Newcastle,Burnley,H,1.6,0.6,13.6,5.0,4.8,10.0,1.6,1.0,10.2,4.4,4.8,9.0,0
2019-02-27,Chelsea,Tottenham,H,1.4,2.6,13.8,5.0,6.8,6.0,1.8,1.0,16.2,4.6,6.6,12.0,0
2019-02-27,Crystal Palace,Man United,A,2.2,1.4,14.6,4.4,7.0,8.0,1.6,0.6,15.8,6.0,5.2,11.0,2
2019-02-27,Liverpool,Watford,H,1.8,1.0,13.4,5.6,7.0,9.0,1.4,0.6,8.4,2.8,3.4,8.0,0
2019-02-27,Man City,West Ham,H,3.0,0.6,14.6,6.6,4.8,12.0,1.0,1.6,10.6,2.8,4.4,5.0,0
2019-02-27,Southampton,Fulham,H,1.0,1.4,11.6,4.6,4.8,5.0,1.2,2.4,13.4,3.8,4.6,3.0,0
2019-02-27,Arsenal,Bournemouth,H,1.8,1.0,10.6,3.8,3.4,12.0,1.4,1.2,10.6,3.6,5.2,7.0,0
2019-03-02,Wolves,Cardiff,H,1.6,0.8,13.4,4.2,6.4,8.0,1.2,2.2,11.6,3.2,4.2,6.0,0
2019-03-02,West Ham,Newcastle,H,1.0,1.4,9.2,2.8,4.2,5.0,1.4,0.6,12.8,4.4,4.2,10.0,0
2019-03-02,Tottenham,Arsenal,D,1.4,1.2,15.2,3.6,5.0,9.0,2.4,1.2,11.2,4.0,4.2,12.0,1
2019-03-02,Brighton,Huddersfield,H,1.0,2.2,14.8,4.4,6.0,1.0,0.4,2.0,9.6,2.8,2.6,3.0,0
2019-03-02,Man United,Southampton,H,1.8,0.6,14.4,5.8,5.2,11.0,1.0,1.2,12.2,4.6,4.8,5.0,0
2019-03-02,Burnley,Crystal Palace,A,1.6,1.4,10.4,4.2,4.8,8.0,1.8,1.2,16.2,4.2,7.4,8.0,2
2019-03-02,Bournemouth,Man City,A,1.2,2.2,11.2,3.8,5.6,4.0,2.6,0.6,16.2,7.2,6.4,12.0,2
2019-03-03,Fulham,Chelsea,A,1.0,2.4,13.8,3.8,4.0,3.0,1.4,2.4,14.0,4.0,5.6,6.0,2
2019-03-03,Everton,Liverpool,D,1.0,1.2,9.6,3.6,3.6,6.0,2.0,0.4,13.4,5.8,6.6,9.0,1
2019-03-03,Watford,Leicester,H,1.4,1.6,7.6,2.6,4.0,7.0,1.0,2.0,17.6,5.0,5.8,4.0,0
2019-03-09,Cardiff,West Ham,H,1.0,2.2,10.2,3.6,4.4,6.0,1.4,0.8,10.4,3.6,4.2,8.0,0
2019-03-09,Southampton,Tottenham,H,1.2,1.6,10.8,4.4,5.6,4.0,1.2,1.2,13.8,3.6,3.8,7.0,0
2019-03-09,Newcastle,Everton,H,1.0,0.8,15.0,4.4,5.2,7.0,0.8,1.2,9.0,3.2,3.4,4.0,0
2019-03-09,Crystal Palace,Brighton,A,2.2,1.2,15.2,4.4,6.8,10.0,1.0,1.8,16.0,4.6,6.2,4.0,2
2019-03-09,Leicester,Fulham,H,1.0,2.2,19.4,5.0,6.6,3.0,0.4,2.4,11.4,3.4,3.0,0.0,0
2019-03-09,Huddersfield,Bournemouth,A,0.4,2.0,8.8,3.2,2.6,3.0,0.4,2.4,8.8,2.4,5.0,1.0,2
2019-03-09,Man City,Watford,H,2.6,0.2,18.4,7.8,7.6,15.0,1.6,1.4,7.0,3.4,3.2,10.0,0
2019-03-10,Arsenal,Man United,H,2.2,1.2,10.0,4.0,4.2,10.0,2.0,0.6,12.0,5.2,4.8,13.0,0
2019-03-10,Chelsea,Wolves,D,1.8,2.2,15.4,5.2,5.2,9.0,1.4,0.8,12.0,3.6,6.8,8.0,1
2019-03-10,Liverpool,Burnley,H,1.8,0.2,13.4,5.8,6.6,9.0,1.4,1.6,12.8,4.2,5.8,7.0,0
2019-03-16,Bournemouth,Newcastle,D,0.8,2.0,8.6,3.0,4.6,4.0,1.6,1.0,17.2,5.4,6.2,10.0,1
2019-03-16,Burnley,Leicester,A,1.6,2.2,10.4,3.4,5.6,6.0,1.6,2.2,19.6,5.4,6.4,6.0,2
2019-03-16,West Ham,Huddersfield,H,1.2,1.0,9.6,3.6,4.8,7.0,0.4,1.4,9.4,3.0,3.4,3.0,0
2019-03-17,Everton,Chelsea,H,1.0,1.2,7.8,3.0,3.2,4.0,2.0,1.6,17.6,5.0,6.4,10.0,0
2019-03-17,Fulham,Liverpool,A,0.6,2.6,11.0,4.0,3.8,0.0,2.4,0.4,15.8,5.6,7.0,11.0,2
2019-03-30,West Ham,Everton,A,1.8,1.4,11.6,3.8,5.0,9.0,1.4,0.8,10.0,4.4,2.8,7.0,2
2019-03-30,Man United,Watford,H,1.8,1.0,12.8,4.8,4.8,10.0,1.8,2.0,6.4,3.6,3.4,9.0,0
2019-03-30,Crystal Palace,Huddersfield,H,2.0,1.6,14.8,3.8,6.2,7.0,0.8,1.8,9.4,2.8,4.0,3.0,0
2019-03-30,Fulham,Man City,A,0.8,2.4,9.4,3.8,3.0,0.0,2.6,0.2,18.4,7.2,8.6,15.0,2
2019-03-30,Leicester,Bournemouth,H,1.8,1.8,17.4,4.4,5.2,9.0,1.2,1.8,8.2,3.2,4.8,5.0,0
2019-03-30,Brighton,Southampton,A,1.0,1.2,13.8,4.0,6.0,7.0,1.4,1.6,11.2,4.4,5.4,6.0,2
2019-03-30,Burnley,Wolves,H,1.2,2.4,11.2,2.8,6.8,3.0,1.0,0.8,10.8,3.0,6.6,6.0,0
2019-03-31,Cardiff,Chelsea,A,1.0,2.2,11.0,4.0,4.6,6.0,1.0,2.0,16.2,4.6,5.0,7.0,2
2019-03-31,Liverpool,Tottenham,H,2.2,0.6,15.0,5.0,7.4,11.0,1.2,1.6,12.8,3.8,4.6,4.0,0
2019-04-01,Arsenal,Newcastle,H,2.4,0.6,12.0,4.2,4.8,13.0,1.8,1.2,17.8,5.6,7.2,10.0,0
2019-04-02,Watford,Fulham,H,1.8,2.4,9.0,4.8,2.8,6.0,0.6,2.2,8.8,2.8,3.0,0.0,0
2019-04-02,Wolves,Man United,H,0.8,1.0,8.0,2.0,5.0,5.0,1.6,1.2,11.4,4.4,4.6,10.0,0
2019-04-03,Tottenham,Crystal Palace,H,0.8,1.8,12.6,3.2,4.8,1.0,2.2,1.4,13.6,3.8,5.2,9.0,0
2019-04-03,Chelsea,Brighton,H,1.4,1.0,18.0,4.4,6.0,10.0,1.0,1.4,12.4,3.4,5.8,6.0,0
2019-04-03,Man City,Cardiff,H,2.6,0.2,20.2,7.8,9.6,15.0,0.8,2.4,11.4,4.0,4.6,3.0,0
2019-04-05,Southampton,Liverpool,A,1.4,1.2,10.0,3.4,4.8,9.0,2.6,0.8,16.4,5.4,8.0,13.0,2
2019-04-06,Huddersfield,Leicester,A,0.8,1.8,11.8,3.6,5.0,3.0,2.0,1.0,15.6,4.2,4.8,12.0,2
2019-04-06,Newcastle,Crystal Palace,A,1.4,1.6,12.6,3.4,5.2,7.0,1.4,1.6,13.2,3.0,5.0,6.0,2
2019-04-06,Bournemouth,Burnley,A,1.0,2.0,7.8,3.0,3.2,4.0,1.2,2.2,10.2,2.2,5.6,3.0,2
2019-04-07,Everton,Arsenal,H,1.8,0.6,11.6,5.4,4.2,10.0,2.4,0.4,11.6,4.2,6.0,13.0,0
2019-04-08,Chelsea,West Ham,H,1.6,1.0,19.2,5.0,7.0,10.0,1.2,1.6,8.0,2.6,3.4,6.0,0
2019-04-12,Leicester,Newcastle,A,2.4,1.0,15.4,5.4,5.0,12.0,1.0,1.8,13.8,3.8,6.2,4.0,2
2019-04-13,Tottenham,Huddersfield,H,1.0,1.4,14.4,4.0,5.2,4.0,0.8,2.6,10.8,3.8,6.0,0.0,0
2019-04-13,Southampton,Wolves,H,1.6,1.4,10.2,2.8,5.4,9.0,1.0,1.0,7.8,2.0,4.0,7.0,0
2019-04-13,Man United,West Ham,H,1.8,1.6,13.8,4.6,5.0,9.0,1.2,1.8,9.4,2.8,3.8,6.0,0
2019-04-13,Brighton,Bournemouth,A,0.8,1.4,9.8,2.4,4.2,6.0,1.0,1.6,7.2,2.4,3.0,4.0,2
2019-04-13,Burnley,Cardiff,H,1.8,2.0,10.0,2.4,5.4,6.0,0.6,1.8,9.2,3.0,4.8,3.0,0
2019-04-13,Fulham,Everton,H,0.8,2.6,9.4,3.4,3.0,0.0,1.4,0.6,13.8,5.8,5.2,10.0,0
2019-04-14,Crystal Palace,Man City,A,1.4,1.0,10.4,2.8,4.8,9.0,1.8,0.2,22.6,8.2,10.6,15.0,2
2019-04-14,Liverpool,Chelsea,H,2.2,1.0,16.0,4.4,7.8,13.0,1.6,0.8,18.4,5.0,7.6,10.0,0
2019-04-15,Watford,Arsenal,A,1.6,2.4,9.6,4.8,3.4,6.0,2.0,0.6,10.6,3.8,6.0,10.0,2
2019-04-16,Brighton,Cardiff,A,0.6,2.0,8.4,2.0,3.4,6.0,0.6,1.6,10.8,3.4,5.0,3.0,2
2019-04-20,Bournemouth,Fulham,A,2.0,1.4,10.0,3.8,3.2,7.0,1.0,2.2,9.4,3.4,3.4,3.0,2
2019-04-20,Huddersfield,Watford,A,0.8,3.2,11.0,3.2,5.8,0.0,1.6,1.6,10.8,4.8,3.8,6.0,2
2019-04-20,Man City,Tottenham,H,2.2,0.4,22.6,8.0,10.0,15.0,1.8,1.0,17.0,5.0,5.6,7.0,0
2019-04-20,Newcastle,Southampton,H,1.2,1.4,12.6,4.4,5.6,7.0,1.8,1.6,10.0,3.2,4.8,9.0,0
2019-04-20,West Ham,Leicester,D,1.0,2.2,11.0,2.8,5.8,3.0,2.2,0.8,15.0,6.0,4.4,12.0,1
2019-04-20,Wolves,Brighton,D,1.2,1.4,9.8,2.4,4.8,7.0,0.4,2.4,8.6,1.6,3.2,3.0,1
2019-04-21,Everton,Man United,H,1.4,1.0,14.0,5.4,5.2,9.0,1.6,1.6,14.0,4.6,4.4,9.0,0
2019-04-21,Arsenal,Crystal Palace,A,1.2,0.4,11.2,3.8,5.0,10.0,1.0,1.4,9.8,2.6,4.2,6.0,2
2019-04-21,Cardiff,Liverpool,A,1.0,1.2,10.4,3.2,4.2,6.0,2.6,1.0,17.0,5.2,8.2,15.0,2
2019-04-22,Chelsea,Burnley,D,1.4,1.0,15.2,4.4,5.4,9.0,2.0,1.4,9.2,3.0,5.4,9.0,1
2019-04-23,Tottenham,Brighton,H,1.6,1.0,17.0,5.2,5.8,6.0,0.0,2.2,8.8,1.0,3.4,1.0,0
2019-04-23,Watford,Southampton,D,1.6,1.6,11.8,5.0,4.0,6.0,1.6,1.6,11.8,3.2,5.6,9.0,1
2019-04-24,Man United,Man City,A,1.0,2.0,12.2,3.6,3.0,6.0,2.2,0.4,21.0,7.4,8.0,15.0,2
2019-04-24,Wolves,Arsenal,H,0.8,1.4,11.6,2.2,6.2,5.0,1.4,0.8,11.8,4.0,5.8,9.0,0
2019-04-26,Liverpool,Huddersfield,H,2.2,0.6,15.8,5.4,8.8,15.0,1.0,3.2,12.0,3.6,5.0,0.0,0
2019-04-27,Watford,Wolves,A,1.6,1.2,14.4,5.6,4.4,7.0,1.2,1.4,13.4,2.6,7.2,7.0,2
2019-04-27,Tottenham,West Ham,A,1.6,0.6,19.6,5.2,5.0,9.0,1.4,2.2,11.4,3.0,6.0,4.0,2
2019-04-27,Fulham,Cardiff,H,1.0,1.6,11.6,3.8,3.8,6.0,0.6,1.6,8.6,2.2,3.8,3.0,0
2019-04-27,Crystal Palace,Everton,D,1.4,1.4,10.0,3.4,3.2,9.0,1.8,0.4,15.6,6.4,6.8,12.0,1
2019-04-27,Southampton,Bournemouth,D,1.4,1.6,11.0,3.2,6.2,7.0,1.6,1.6,11.4,3.8,2.8,4.0,1
2019-04-27,Brighton,Newcastle,D,0.0,2.2,7.2,1.0,2.8,1.0,1.2,1.2,11.8,4.2,4.8,7.0,1
2019-04-28,Man United,Chelsea,D,1.0,2.0,11.8,3.0,2.8,6.0,1.8,1.0,16.4,5.2,6.6,10.0,1
2019-04-28,Burnley,Man City,A,2.0,1.0,9.8,3.2,5.0,10.0,2.0,0.2,18.8,6.6,6.4,15.0,2
2019-04-28,Leicester,Arsenal,H,2.0,1.0,13.6,5.4,4.8,10.0,1.2,1.4,11.2,3.6,5.8,6.0,0
2019-05-03,Everton,Burnley,H,1.4,0.4,17.0,5.4,8.2,10.0,1.8,0.8,7.6,2.8,3.2,10.0,0
2019-05-04,Bournemouth,Tottenham,H,1.8,1.8,11.2,4.2,2.2,4.0,1.4,0.4,20.2,5.6,4.8,9.0,0
2019-05-04,Cardiff,Crystal Palace,A,0.4,1.4,9.6,3.2,4.0,3.0,1.0,1.4,7.8,2.4,3.2,7.0,2
2019-05-04,Newcastle,Liverpool,A,1.0,1.0,11.2,3.6,4.4,7.0,2.8,0.4,16.8,5.6,7.6,15.0,2
2019-05-04,Wolves,Fulham,H,1.6,1.2,14.0,3.2,7.2,10.0,1.0,1.2,11.8,3.8,5.6,9.0,0
2019-05-04,West Ham,Southampton,H,0.8,1.6,11.4,3.4,6.4,4.0,1.8,2.2,13.8,4.2,7.0,5.0,0
2019-05-05,Arsenal,Brighton,D,0.8,2.0,11.0,3.0,5.8,3.0,0.2,1.8,8.4,1.2,4.0,2.0,1
2019-05-05,Chelsea,Watford,H,1.6,1.0,15.4,5.2,6.4,8.0,1.6,1.2,12.4,4.2,4.2,7.0,0
2019-05-05,Huddersfield,Man United,D,0.4,3.4,10.0,2.8,4.2,0.0,0.8,2.0,11.6,3.0,3.4,4.0,1
2019-05-06,Man City,Leicester,H,1.8,0.2,19.0,6.6,5.4,15.0,2.2,0.8,16.6,7.0,5.8,10.0,0
2019-05-12,Tottenham,Everton,D,1.0,0.6,17.2,4.6,4.4,6.0,1.4,0.4,17.6,4.8,8.0,10.0,1
2019-05-12,Watford,West Ham,A,0.8,1.6,12.4,3.4,4.2,4.0,1.4,1.2,14.2,4.4,6.0,7.0,2
2019-05-12,Brighton,Man City,A,0.4,1.0,9.0,2.0,3.8,3.0,1.6,0.2,17.4,5.4,6.2,15.0,2
2019-05-12,Burnley,Arsenal,A,1.4,1.2,7.6,2.8,3.2,7.0,1.0,2.0,13.6,4.2,7.8,4.0,2
2019-05-12,Crystal Palace,Bournemouth,H,1.6,1.4,11.0,3.6,3.8,10.0,2.0,1.4,13.6,5.0,4.0,7.0,0
2019-05-12,Fulham,Newcastle,A,1.0,1.0,12.0,4.2,5.8,9.0,1.4,1.2,13.4,4.8,4.4,7.0,2
2019-05-12,Leicester,Chelsea,D,1.8,1.0,14.4,6.6,4.6,7.0,1.6,1.0,15.8,6.2,6.2,8.0,1
2019-05-12,Liverpool,Wolves,H,3.0,0.6,16.2,5.8,6.2,15.0,1.4,1.0,16.0,4.0,8.0,10.0,0
2019-05-12,Man United,Cardiff,A,0.8,1.8,12.6,3.6,3.8,5.0,0.8,1.6,12.4,4.6,5.2,3.0,2
2019-05-12,Southampton,Huddersfield,D,1.6,2.2,13.8,4.2,7.0,5.0,0.6,3.2,8.4,2.4,3.8,1.0,1
2019-08-10,West Ham,Man City,A,2.2,1.0,15.6,5.8,5.6,10.0,1.8,0.2,17.4,6.0,5.6,15.0,2
2019-08-10,Burnley,Southampton,H,1.0,1.6,8.2,3.2,2.8,4.0,1.2,2.2,13.2,3.6,7.0,3.0,0
2019-08-10,Watford,Brighton,A,1.0,2.2,13.6,4.4,4.4,4.0,0.6,1.4,7.4,2.0,3.2,3.0,2
2019-08-10,Crystal Palace,Everton,D,2.4,2.0,13.8,5.0,3.8,10.0,1.6,0.8,16.4,5.4,7.0,8.0,1
2019-08-11,Newcastle,Arsenal,A,2.2,1.0,12.4,5.0,3.6,10.0,1.4,2.2,13.2,4.2,8.0,4.0,2
2019-08-11,Leicester,Wolves,D,1.0,0.8,12.6,5.4,4.4,5.0,1.2,0.8,14.0,4.0,6.4,10.0,1
2019-08-11,Man United,Chelsea,H,0.4,2.0,15.0,4.8,5.4,2.0,1.2,1.0,15.4,5.6,5.8,6.0,0
2019-08-17,Brighton,West Ham,D,1.2,1.4,7.4,2.6,3.4,5.0,2.0,1.6,13.0,5.6,3.6,10.0,1
2019-08-17,Man City,Tottenham,D,2.6,0.2,17.2,7.0,5.0,15.0,1.2,1.0,19.2,4.8,7.0,7.0,1
2019-08-17,Arsenal,Burnley,H,1.2,1.6,12.4,3.6,7.0,7.0,1.2,1.6,7.4,2.6,1.6,4.0,0
2019-08-17,Southampton,Liverpool,A,1.0,2.2,12.4,3.6,6.2,3.0,3.2,0.6,15.4,5.8,6.4,15.0,2
2019-08-17,Everton,Watford,H,1.6,0.4,16.8,5.8,6.8,9.0,0.6,2.6,13.6,3.8,5.0,1.0,0
2019-08-18,Chelsea,Leicester,D,1.2,1.4,17.8,6.4,6.4,6.0,1.0,0.6,13.2,4.6,6.4,6.0,1
2019-08-19,Wolves,Man United,D,1.2,0.8,11.2,3.4,4.2,10.0,1.2,1.2,15.8,5.6,5.6,5.0,1
2019-08-24,Brighton,Southampton,A,1.4,1.4,9.4,3.2,4.4,6.0,1.0,2.4,13.6,3.4,6.4,2.0,2
2019-08-24,Man United,Crystal Palace,A,1.4,1.0,15.2,5.8,6.6,6.0,1.6,1.2,11.6,4.2,4.8,8.0,2
2019-08-24,Watford,West Ham,A,0.4,2.6,12.2,3.4,5.8,0.0,1.8,1.4,12.4,5.6,3.6,10.0,2
2019-08-24,Liverpool,Arsenal,H,3.2,0.8,15.0,5.8,6.2,15.0,1.4,1.2,13.4,5.2,8.0,10.0,0
2019-08-25,Bournemouth,Man City,A,2.0,2.0,14.0,5.2,5.0,8.0,2.6,0.6,21.6,8.0,7.4,13.0,2
2019-08-25,Tottenham,Newcastle,A,1.4,1.4,14.0,4.2,6.2,5.0,1.6,1.6,11.0,3.8,4.2,4.0,2
2019-08-25,Wolves,Burnley,D,0.8,0.8,10.2,3.2,4.0,8.0,1.0,1.6,9.8,3.0,2.8,3.0,1
2019-08-31,Burnley,Liverpool,A,1.2,1.6,12.0,3.8,3.4,4.0,2.8,1.0,15.8,5.4,6.6,15.0,2
2019-08-31,Newcastle,Watford,D,1.6,1.4,10.8,4.2,4.6,6.0,0.4,2.8,14.8,3.8,6.6,0.0,1
2019-08-31,Leicester,Bournemouth,H,0.6,0.6,10.6,2.2,5.0,6.0,1.6,2.0,14.2,5.6,5.2,7.0,0
2019-08-31,Southampton,Man United,D,0.8,1.8,11.6,2.8,5.6,4.0,1.4,1.2,18.2,5.4,7.0,5.0,1
2019-08-31,Man City,Brighton,H,3.0,0.8,20.4,7.6,7.2,13.0,1.2,1.6,10.0,3.4,4.6,5.0,0
2019-09-01,Everton,Wolves,H,1.0,0.8,14.2,4.2,4.8,8.0,0.6,0.8,11.4,2.8,3.8,6.0,0
2019-09-01,Arsenal,Tottenham,D,1.6,1.2,14.0,5.6,7.6,10.0,1.4,1.4,14.6,3.8,7.0,5.0,1
2019-09-14,Liverpool,Newcastle,H,2.8,0.6,16.6,6.0,6.8,15.0,1.4,1.0,10.6,3.8,5.4,7.0,0
2019-09-14,Brighton,Burnley,D,1.0,2.2,9.0,2.8,4.2,4.0,1.2,1.8,12.4,4.0,4.4,4.0,1
2019-09-14,Man United,Leicester,H,1.4,1.2,17.8,5.6,6.2,5.0,1.2,0.6,11.8,2.8,5.8,9.0,0
2019-09-14,Wolves,Chelsea,A,0.8,1.4,9.2,2.6,3.8,3.0,1.2,1.8,16.4,5.8,5.0,6.0,2
2019-09-14,Tottenham,Crystal Palace,H,1.8,1.6,15.0,4.6,7.0,6.0,1.6,1.0,11.2,4.4,5.6,10.0,0
2019-09-15,Bournemouth,Everton,H,1.6,2.6,11.8,4.8,4.2,4.0,1.2,1.2,13.2,4.2,4.6,8.0,0
2019-09-15,Watford,Arsenal,D,0.6,2.4,14.4,3.8,6.4,1.0,1.8,1.4,15.2,5.6,6.6,10.0,1
2019-09-20,Southampton,Bournemouth,A,1.0,1.2,11.6,3.8,5.0,7.0,1.6,1.8,11.2,4.4,4.8,7.0,2
2019-09-21,Newcastle,Brighton,D,0.8,1.6,9.6,2.8,4.6,4.0,1.0,1.6,10.6,3.4,4.4,5.0,1
2019-09-21,Man City,Watford,H,3.2,1.2,20.6,7.6,8.6,10.0,0.8,2.0,17.2,3.6,6.4,2.0,0
2019-09-21,Burnley,Norwich,H,1.2,1.4,11.0,3.2,4.8,5.0,1.8,2.4,9.6,4.8,3.0,6.0,0
2019-09-21,Leicester,Tottenham,H,1.2,0.8,11.8,2.8,6.8,8.0,2.2,1.2,15.4,5.0,6.4,8.0,0
2019-09-21,Everton,Sheffield United,A,1.0,1.4,12.6,3.4,5.2,7.0,1.0,1.2,11.2,3.0,7.0,5.0,2
2019-09-22,Chelsea,Liverpool,A,2.2,2.2,16.6,6.2,5.0,8.0,3.0,0.8,18.2,6.8,8.0,15.0,2
2019-09-22,Crystal Palace,Wolves,D,0.6,1.2,10.0,4.0,5.4,7.0,1.2,2.0,10.0,3.0,5.0,3.0,1
2019-09-22,Arsenal,Aston Villa,H,1.6,1.6,13.8,5.2,5.8,8.0,0.8,1.2,11.2,4.2,2.8,4.0,0
2019-09-22,West Ham,Man United,H,1.2,1.4,12.0,5.0,5.2,8.0,1.6,0.8,14.6,4.6,4.6,8.0,0
2019-09-28,Everton,Man City,A,1.0,1.8,13.8,3.4,7.2,6.0,3.8,1.2,23.4,8.0,9.4,10.0,2
2019-09-28,Wolves,Watford,H,1.4,2.2,11.2,3.4,5.8,3.0,0.8,3.0,16.0,3.8,6.2,2.0,0
2019-09-28,Tottenham,Southampton,H,1.8,1.4,11.4,4.4,4.0,5.0,1.2,1.2,14.4,4.4,4.4,7.0,0
2019-09-28,Sheffield United,Liverpool,A,1.2,1.0,10.0,2.6,6.8,7.0,2.6,0.8,16.4,6.0,6.6,15.0,2
2019-09-28,Chelsea,Brighton,H,2.4,1.8,15.6,5.2,5.2,8.0,0.4,1.6,12.8,3.4,4.6,3.0,0
2019-09-28,Bournemouth,West Ham,D,2.0,1.8,9.8,4.4,5.2,9.0,1.6,0.4,12.6,5.6,5.6,11.0,1
2019-09-28,Aston Villa,Burnley,D,1.0,1.2,12.6,5.2,3.6,4.0,1.0,1.4,11.6,3.6,5.8,5.0,1
2019-09-28,Crystal Palace,Norwich,H,0.8,1.4,11.4,4.4,5.4,7.0,1.6,2.0,9.4,4.2,3.2,6.0,0
2019-09-29,Leicester,Newcastle,H,1.6,1.0,12.0,4.0,6.0,10.0,0.8,1.4,10.0,3.2,4.6,5.0,0
2019-09-30,Man United,Arsenal,D,0.8,1.2,14.2,4.2,5.4,5.0,2.0,2.0,16.4,6.0,7.0,8.0,1
2019-10-05,Brighton,Tottenham,H,0.2,1.8,11.2,2.8,3.4,2.0,1.8,1.2,12.6,4.8,4.8,7.0,0
2019-10-05,Burnley,Everton,H,1.2,1.4,10.0,3.2,5.0,6.0,1.0,2.4,13.8,4.6,7.4,3.0,0
2019-10-05,Liverpool,Leicester,H,2.4,0.6,16.6,5.6,5.8,15.0,2.4,0.8,12.2,4.4,6.8,12.0,0
2019-10-05,Norwich,Aston Villa,A,1.0,2.2,8.4,3.2,2.8,3.0,1.2,1.2,11.4,4.4,3.0,5.0,2
2019-10-05,Watford,Sheffield United,D,0.8,3.2,17.2,4.4,6.0,2.0,1.0,1.2,9.4,2.4,6.4,4.0,1
2019-10-05,West Ham,Crystal Palace,A,1.8,0.6,14.4,6.2,5.6,11.0,1.2,1.2,13.2,4.2,5.6,10.0,2
2019-10-06,Newcastle,Man United,H,0.6,1.8,8.6,2.6,3.6,5.0,0.8,1.2,15.6,4.6,5.8,5.0,0
2019-10-06,Southampton,Chelsea,A,1.2,1.2,14.4,5.0,4.6,7.0,2.6,1.6,17.6,6.2,5.4,10.0,2
2019-10-06,Arsenal,Bournemouth,H,1.8,2.0,15.2,5.2,6.4,6.0,2.0,2.0,10.0,4.6,5.4,7.0,0
2019-10-06,Man City,Wolves,A,4.0,1.0,21.4,7.8,7.2,12.0,1.6,2.0,11.2,3.4,5.2,5.0,2
2019-10-19,Crystal Palace,Man City,A,1.2,1.2,13.6,4.4,5.8,10.0,3.4,1.2,21.2,7.2,8.0,9.0,2
2019-10-19,Wolves,Southampton,D,1.8,1.8,9.2,3.4,4.6,7.0,1.0,2.0,14.0,4.8,4.2,4.0,1
2019-10-19,Tottenham,Watford,D,1.8,1.6,10.8,5.0,4.4,7.0,0.6,2.6,14.2,4.2,5.8,3.0,1
2019-10-19,Everton,West Ham,H,1.0,2.2,13.6,4.8,8.0,3.0,1.4,0.8,13.0,5.0,4.6,8.0,0
2019-10-19,Chelsea,Newcastle,H,2.8,1.4,15.6,6.0,4.6,10.0,0.6,1.8,9.4,2.4,3.2,5.0,0
2019-10-19,Bournemouth,Norwich,D,1.8,1.6,10.0,3.6,5.6,7.0,0.8,2.6,11.4,3.2,4.6,3.0,1
2019-10-19,Aston Villa,Brighton,H,1.8,1.4,14.4,6.2,4.2,5.0,0.8,1.4,12.2,3.4,2.6,5.0,0
2019-10-19,Leicester,Burnley,H,2.2,1.0,10.6,4.2,7.2,9.0,1.2,1.2,9.2,3.0,5.8,8.0,0
2019-10-20,Man United,Liverpool,D,0.6,1.0,13.6,4.6,5.4,5.0,2.2,0.6,15.2,6.2,5.4,15.0,1
2019-10-21,Sheffield United,Arsenal,H,0.8,0.8,9.6,2.4,6.4,5.0,1.8,1.4,15.8,5.0,8.4,9.0,0
2019-10-25,Southampton,Leicester,A,1.0,2.0,14.8,5.4,4.4,4.0,2.0,1.0,11.8,3.8,8.2,9.0,2
2019-10-26,Man City,Aston Villa,H,3.0,1.2,22.4,8.0,8.0,9.0,2.2,1.4,17.2,7.4,5.2,8.0,0
2019-10-26,Brighton,Everton,H,1.0,1.0,15.0,4.0,3.4,5.0,0.8,1.8,14.4,5.6,8.8,3.0,0
2019-10-26,Watford,Bournemouth,D,0.6,2.6,13.0,4.0,5.2,3.0,1.6,1.0,10.6,3.6,5.8,8.0,1
2019-10-26,West Ham,Sheffield United,D,1.0,1.2,11.0,4.2,3.4,5.0,0.6,0.4,9.6,2.4,7.0,7.0,1
2019-10-26,Burnley,Chelsea,A,1.4,1.0,10.4,3.4,5.4,8.0,2.6,1.0,16.2,6.6,6.2,12.0,2
2019-10-27,Norwich,Man United,A,0.8,2.2,11.8,2.8,5.6,4.0,0.6,1.0,10.8,3.4,5.4,5.0,2
2019-10-27,Arsenal,Crystal Palace,D,1.4,1.2,12.4,4.0,8.6,8.0,1.0,1.6,10.6,3.8,3.4,7.0,1
2019-10-27,Newcastle,Wolves,D,0.4,1.8,7.8,1.4,2.0,4.0,1.6,1.4,8.4,2.6,3.4,8.0,1
2019-10-27,Liverpool,Tottenham,H,1.8,0.8,14.2,5.6,4.8,13.0,1.6,1.4,10.6,3.6,5.4,7.0,0
2019-11-02,Watford,Chelsea,A,0.2,2.2,8.2,3.2,4.8,3.0,2.4,1.0,16.4,6.8,6.4,12.0,2
2019-11-02,West Ham,Newcastle,A,1.2,1.4,10.8,4.8,4.6,5.0,0.4,1.4,8.8,1.6,2.4,5.0,2
2019-11-02,Sheffield United,Burnley,H,0.8,0.4,8.2,2.4,5.4,8.0,1.6,1.6,11.6,4.2,5.2,7.0,0
2019-11-02,Bournemouth,Man United,H,1.0,0.8,11.0,3.4,6.4,6.0,1.0,1.2,13.0,4.6,6.8,5.0,0
2019-11-02,Brighton,Norwich,H,1.4,1.2,13.8,3.8,2.8,7.0,0.4,2.4,12.4,2.8,5.2,1.0,0
2019-11-02,Man City,Southampton,H,3.2,0.6,22.4,8.2,7.4,12.0,0.8,3.8,13.8,4.6,3.6,1.0,0
2019-11-02,Arsenal,Wolves,D,1.4,1.2,13.4,4.4,10.8,8.0,1.4,0.6,8.8,2.8,3.2,9.0,1
2019-11-02,Aston Villa,Liverpool,A,2.2,2.0,17.4,7.4,6.2,7.0,1.6,0.8,14.2,6.4,4.4,13.0,2
2019-11-03,Everton,Tottenham,D,1.0,1.8,13.6,5.8,8.4,3.0,1.0,1.8,10.2,3.4,5.2,4.0,1
2019-11-03,Crystal Palace,Leicester,A,1.4,1.2,10.4,3.4,3.8,8.0,3.8,0.8,15.0,6.2,7.8,12.0,2
2019-11-08,Norwich,Watford,A,0.4,2.4,11.6,2.4,5.2,1.0,0.4,1.0,9.6,3.0,4.2,3.0,2
2019-11-09,Chelsea,Crystal Palace,H,2.6,0.8,17.0,8.4,6.4,15.0,1.2,1.4,10.2,3.2,3.6,7.0,0
2019-11-09,Burnley,West Ham,H,1.2,2.2,10.2,3.0,5.0,4.0,1.2,2.0,12.4,4.8,5.4,2.0,0
2019-11-09,Newcastle,Bournemouth,H,1.0,1.8,9.0,2.6,2.0,7.0,0.6,0.6,12.2,4.0,6.2,6.0,0
2019-11-09,Southampton,Everton,A,0.8,3.6,9.4,4.0,2.8,1.0,1.2,1.6,11.8,5.8,7.0,4.0,2
2019-11-09,Tottenham,Sheffield United,D,1.0,1.6,8.8,3.0,5.2,5.0,1.0,0.4,10.4,3.4,6.2,8.0,1
2019-11-09,Leicester,Arsenal,H,3.8,0.6,14.6,5.8,7.4,12.0,1.0,1.0,11.2,4.0,10.6,6.0,0
2019-11-10,Man United,Brighton,H,1.0,1.0,14.2,4.8,7.4,5.0,1.8,1.2,14.8,4.2,3.8,9.0,0
2019-11-10,Wolves,Aston Villa,H,1.4,0.6,11.0,3.6,3.6,9.0,2.0,1.8,15.6,6.0,5.8,7.0,0
2019-11-10,Liverpool,Man City,H,1.6,0.8,18.0,7.0,5.6,13.0,2.0,0.8,22.0,6.8,9.8,12.0,0
2019-11-23,Man City,Chelsea,H,1.6,1.2,21.6,5.6,12.0,9.0,2.6,0.8,16.8,7.4,6.8,15.0,0
2019-11-23,Crystal Palace,Liverpool,A,0.8,1.8,7.8,2.8,2.6,4.0,2.0,1.0,17.2,7.2,5.4,13.0,2
2019-11-23,Watford,Burnley,A,0.8,0.6,9.2,2.4,3.8,6.0,1.4,1.8,11.0,4.8,6.6,6.0,2
2019-11-23,Everton,Norwich,A,1.4,1.2,14.2,5.2,7.8,7.0,0.4,2.4,13.0,2.8,6.2,1.0,2
2019-11-23,Bournemouth,Wolves,A,0.4,0.6,12.8,3.6,5.8,5.0,1.4,0.8,13.2,4.2,4.6,9.0,2
2019-11-23,Arsenal,Southampton,D,0.8,1.2,10.8,3.2,10.0,5.0,0.8,3.6,7.4,3.4,2.6,1.0,1
2019-11-23,West Ham,Tottenham,A,0.8,2.2,10.4,4.4,5.0,1.0,0.8,1.6,10.4,3.2,4.8,3.0,2
2019-11-23,Brighton,Leicester,A,2.0,1.4,14.4,4.4,3.8,9.0,3.2,0.6,15.8,6.2,6.6,12.0,2
2019-11-24,Sheffield United,Man United,D,1.2,0.4,10.8,3.8,5.8,9.0,1.4,1.0,15.2,6.2,6.8,7.0,1
2019-11-25,Aston Villa,Newcastle,H,1.8,1.8,15.0,6.2,5.0,6.0,1.4,1.0,12.4,4.4,3.0,10.0,0
2019-11-30,Southampton,Watford,H,1.0,3.2,9.6,4.0,3.6,2.0,0.8,1.2,10.6,2.8,3.8,5.0,0
2019-11-30,Tottenham,Bournemouth,H,1.4,1.4,11.8,3.8,5.4,6.0,0.6,0.8,12.6,3.6,5.8,5.0,0
2019-11-30,Chelsea,West Ham,A,2.0,1.0,16.4,6.4,6.4,12.0,1.0,2.4,10.8,4.4,5.2,1.0,2
2019-11-30,Burnley,Crystal Palace,A,1.8,1.8,11.4,5.2,6.2,6.0,0.6,2.0,9.6,3.2,4.0,1.0,2
2019-11-30,Newcastle,Man City,D,1.2,1.4,12.2,5.0,3.4,7.0,2.0,1.0,21.0,6.0,11.8,12.0,1
2019-11-30,Liverpool,Brighton,H,2.0,1.0,16.0,6.4,6.2,13.0,1.4,1.8,12.4,3.2,4.2,6.0,0
2019-12-01,Norwich,Arsenal,D,0.6,1.4,11.4,2.8,5.6,4.0,1.0,1.6,10.8,3.8,8.4,3.0,1
2019-12-01,Wolves,Sheffield United,D,1.4,1.0,15.2,5.2,6.2,9.0,1.8,1.0,11.4,4.8,5.6,9.0,1
2019-12-01,Leicester,Everton,H,3.4,0.2,19.2,7.8,6.8,15.0,1.4,1.4,15.6,6.2,7.4,7.0,0
2019-12-01,Man United,Aston Villa,D,2.0,1.4,15.0,6.6,6.2,8.0,1.2,1.6,14.0,5.4,6.0,6.0,1
2019-12-03,Crystal Palace,Bournemouth,H,1.0,1.6,9.6,3.2,5.0,4.0,1.0,1.4,14.4,4.4,6.2,4.0,0
2019-12-03,Burnley,Man City,A,1.6,1.8,11.8,5.2,6.4,6.0,2.0,1.4,21.6,5.8,12.2,10.0,2
2019-12-04,Wolves,West Ham,H,1.4,1.0,17.0,5.6,7.4,9.0,1.2,2.0,10.2,4.4,5.4,4.0,0
2019-12-04,Liverpool,Everton,H,2.2,1.0,17.0,7.0,6.8,15.0,1.2,1.8,14.0,4.8,6.0,4.0,0
2019-12-04,Leicester,Watford,H,3.4,0.2,18.6,8.4,5.8,15.0,0.8,1.4,10.4,3.0,4.8,4.0,0
2019-12-04,Southampton,Norwich,H,1.2,3.2,9.0,4.2,4.2,4.0,1.0,1.8,12.4,4.2,5.6,4.0,0
2019-12-04,Man United,Tottenham,H,2.2,1.6,16.8,7.4,7.4,8.0,1.8,1.6,12.4,4.4,4.0,8.0,0
2019-12-04,Chelsea,Aston Villa,H,1.8,1.2,17.0,6.0,6.0,9.0,1.2,1.8,11.0,4.4,6.4,4.0,0
2019-12-05,Sheffield United,Newcastle,A,1.8,1.2,11.6,5.2,4.6,7.0,1.6,1.6,12.4,5.6,3.6,8.0,2
2019-12-05,Arsenal,Brighton,A,1.4,1.8,12.2,4.6,8.4,4.0,1.4,1.8,10.8,3.2,4.2,6.0,2
2019-12-07,Tottenham,Burnley,H,1.8,1.6,11.8,4.6,4.0,8.0,1.4,1.8,10.0,4.6,6.0,6.0,0
2019-12-07,Watford,Crystal Palace,D,0.8,1.8,9.8,2.6,4.2,3.0,0.8,1.2,9.0,2.8,5.2,6.0,1
2019-12-07,Man City,Man United,A,2.2,1.6,20.0,5.6,10.8,10.0,2.0,1.6,15.0,6.6,6.2,8.0,2
2019-12-07,Everton,Chelsea,H,1.2,2.2,14.4,4.4,6.2,4.0,1.4,1.0,18.8,6.4,6.6,9.0,0
2019-12-07,Bournemouth,Liverpool,A,1.0,1.6,12.6,4.0,6.0,3.0,2.8,1.2,15.0,5.4,6.2,15.0,2
2019-12-08,Aston Villa,Leicester,A,1.4,1.6,10.6,4.0,6.0,4.0,2.0,0.2,16.0,6.6,5.8,15.0,2
2019-12-08,Newcastle,Southampton,H,1.8,1.4,11.0,6.0,3.2,10.0,1.6,1.6,10.6,4.6,5.0,7.0,0
2019-12-08,Norwich,Sheffield United,A,1.0,1.6,12.4,4.2,5.6,4.0,1.6,1.4,12.2,5.6,5.4,6.0,2
2019-12-08,Brighton,Wolves,D,1.2,1.6,13.2,4.2,6.0,6.0,1.6,0.8,17.0,6.0,7.2,11.0,1
2019-12-09,West Ham,Arsenal,A,1.0,2.2,9.0,4.2,4.2,3.0,1.2,1.8,11.6,4.4,7.8,3.0,2
2019-12-14,Liverpool,Watford,H,3.0,1.0,14.2,6.0,4.8,15.0,0.6,1.4,10.0,2.6,5.2,4.0,0
2019-12-14,Burnley,Newcastle,H,1.4,2.2,10.2,4.8,5.0,6.0,1.6,1.2,11.0,5.4,3.2,10.0,0
2019-12-14,Chelsea,Bournemouth,A,1.2,1.4,18.6,5.2,6.4,6.0,0.8,2.2,10.8,2.8,5.4,0.0,2
2019-12-14,Leicester,Norwich,D,2.4,0.4,17.8,7.2,5.6,15.0,1.2,1.6,13.8,5.0,6.8,4.0,1
2019-12-14,Sheffield United,Aston Villa,H,1.4,1.6,11.4,5.0,4.2,6.0,1.4,2.0,12.6,4.0,7.2,4.0,0
2019-12-14,Southampton,West Ham,A,1.6,1.6,13.8,4.8,7.4,7.0,0.8,2.2,8.0,3.8,3.6,3.0,2
2019-12-15,Wolves,Tottenham,A,1.8,1.0,14.6,5.4,6.2,11.0,2.6,1.4,13.6,5.6,3.8,10.0,2
2019-12-15,Man United,Everton,D,2.4,1.6,14.2,7.2,4.8,11.0,1.6,2.2,15.6,5.2,5.4,6.0,1
2019-12-15,Arsenal,Man City,A,1.6,1.8,11.6,4.2,6.8,5.0,2.0,1.8,19.2,5.8,10.6,7.0,2
2019-12-16,Crystal Palace,Brighton,D,0.8,0.8,7.2,2.2,4.6,7.0,1.2,2.0,11.6,4.0,5.0,4.0,1
2019-12-21,Bournemouth,Burnley,A,0.8,1.8,9.8,2.6,5.4,3.0,1.0,2.2,8.8,3.2,3.6,6.0,2
2019-12-21,Brighton,Sheffield United,A,1.2,1.6,13.4,5.6,6.0,5.0,1.6,1.4,10.0,4.8,4.0,8.0,2
2019-12-21,Newcastle,Crystal Palace,H,1.2,1.2,8.8,3.6,2.8,7.0,1.0,0.6,8.8,2.8,5.2,8.0,0
2019-12-21,Norwich,Wolves,A,1.4,1.4,12.4,4.6,5.6,5.0,1.6,1.2,14.8,5.4,7.2,8.0,2
2019-12-21,Man City,Leicester,H,2.4,1.2,18.4,6.6,8.6,10.0,2.2,0.6,17.6,6.8,7.0,13.0,0
2019-12-21,Everton,Arsenal,D,1.4,2.2,12.4,4.8,4.6,4.0,1.6,2.0,11.2,4.2,6.6,5.0,1
2019-12-21,Aston Villa,Southampton,A,1.2,2.0,11.6,3.2,7.0,4.0,1.4,1.4,15.2,4.6,7.4,7.0,2
2019-12-22,Watford,Man United,H,0.2,1.8,9.2,2.6,5.0,1.0,2.0,1.6,14.8,6.6,5.0,9.0,0
2019-12-22,Tottenham,Chelsea,A,2.8,1.4,12.0,5.6,3.4,12.0,0.8,1.6,17.6,5.2,6.8,3.0,2
2019-12-26,Leicester,Liverpool,A,2.0,1.2,14.8,5.4,5.8,10.0,2.8,0.8,15.0,6.2,5.2,15.0,2
2019-12-26,Man United,Newcastle,H,1.4,1.4,16.0,7.2,5.4,8.0,1.4,0.8,8.2,3.2,2.4,10.0,0
2019-12-26,Sheffield United,Watford,D,1.2,0.8,9.0,3.6,3.4,10.0,0.6,1.2,8.4,2.4,4.2,4.0,1
2019-12-26,Aston Villa,Norwich,H,1.0,2.6,12.0,2.8,6.2,1.0,1.2,1.8,12.4,5.0,4.8,2.0,0
2019-12-26,Crystal Palace,West Ham,H,0.8,0.4,8.8,2.4,4.4,8.0,1.0,1.6,8.8,3.8,4.4,6.0,0
2019-12-26,Chelsea,Southampton,A,1.0,1.2,18.0,5.4,7.4,6.0,1.6,1.2,14.4,5.0,6.8,9.0,2
2019-12-26,Bournemouth,Arsenal,D,0.6,1.6,8.6,2.2,5.2,3.0,1.2,1.6,10.0,3.6,6.2,5.0,1
2019-12-26,Everton,Burnley,H,1.4,1.8,10.6,3.4,4.2,5.0,0.6,2.2,7.0,2.4,3.6,6.0,0
2019-12-26,Tottenham,Brighton,H,2.2,1.4,10.0,4.6,2.6,9.0,1.2,1.4,13.8,6.0,5.6,5.0,0
2019-12-27,Wolves,Man City,H,1.6,1.2,14.2,4.8,7.6,8.0,2.6,1.2,20.0,8.2,8.2,10.0,0
2019-12-28,Brighton,Bournemouth,H,1.2,1.4,13.6,6.0,5.0,5.0,0.4,1.2,7.0,1.8,5.2,4.0,0
2019-12-28,Southampton,Crystal Palace,D,1.6,1.0,13.2,4.4,5.8,9.0,0.8,0.6,10.0,2.8,4.6,8.0,1
2019-12-28,Burnley,Man United,A,0.6,2.0,5.2,1.6,3.0,6.0,1.8,1.2,17.2,8.0,4.6,10.0,2
2019-12-28,Newcastle,Everton,A,1.2,1.2,8.4,3.0,2.2,9.0,1.4,1.4,12.6,3.8,5.4,8.0,2
2019-12-28,Norwich,Tottenham,D,0.8,1.6,12.6,4.6,5.0,1.0,2.0,1.2,9.2,4.6,3.6,9.0,1
2019-12-28,West Ham,Leicester,A,0.8,1.4,8.6,3.4,5.0,6.0,1.6,1.8,12.2,4.2,5.4,7.0,2
2019-12-28,Watford,Aston Villa,H,0.6,1.0,8.2,2.2,3.0,5.0,0.8,2.2,12.4,2.6,5.4,3.0,0
2019-12-29,Man City,Sheffield United,H,2.6,1.4,16.6,7.0,6.4,9.0,1.2,0.8,10.4,3.6,4.8,10.0,0
2019-12-29,Arsenal,Chelsea,A,1.0,1.4,10.2,2.6,4.4,5.0,1.0,1.4,16.2,4.8,7.2,6.0,2
2019-12-29,Liverpool,Wolves,H,3.2,0.6,15.6,6.6,5.2,15.0,2.0,1.4,15.6,5.8,6.8,10.0,0
2020-01-01,Newcastle,Leicester,A,1.0,1.6,11.2,3.2,3.0,6.0,1.6,2.0,12.4,4.6,5.0,7.0,2
2020-01-01,Burnley,Aston Villa,A,0.4,1.6,6.0,1.4,3.4,6.0,0.6,2.4,12.8,2.4,5.0,3.0,2
2020-01-01,Arsenal,Man United,H,1.0,1.4,9.2,2.0,3.0,5.0,1.8,1.0,17.6,7.6,4.6,10.0,0
2020-01-01,West Ham,Bournemouth,H,0.8,1.8,10.4,3.4,5.4,3.0,0.4,1.4,7.8,1.6,3.8,4.0,0
2020-01-01,Brighton,Chelsea,D,1.2,1.2,12.8,5.4,5.0,5.0,1.0,1.4,13.8,3.8,6.0,6.0,1
2020-01-01,Man City,Everton,H,2.2,1.2,16.4,6.2,6.8,9.0,1.4,0.6,14.6,4.8,5.8,11.0,0
2020-01-01,Watford,Wolves,H,1.2,0.6,11.4,3.2,3.8,8.0,1.6,1.6,15.0,4.8,7.0,7.0,0
2020-01-01,Southampton,Tottenham,H,1.4,1.0,13.2,4.4,7.0,7.0,2.2,1.2,10.6,5.0,4.2,10.0,0
2020-01-01,Norwich,Crystal Palace,D,1.0,1.6,11.6,4.4,5.6,2.0,0.8,0.8,9.6,2.8,4.2,6.0,1
2020-01-02,Liverpool,Sheffield United,H,3.0,0.4,14.6,5.8,5.4,15.0,1.2,0.8,9.4,2.4,4.2,10.0,0
2020-01-10,Sheffield United,West Ham,H,0.8,1.0,8.2,2.2,4.8,7.0,1.6,1.4,12.0,4.2,6.4,6.0,0
2020-01-11,Crystal Palace,Arsenal,D,1.0,1.0,11.4,3.4,4.8,6.0,0.8,1.2,9.2,2.2,2.6,5.0,1
2020-01-11,Chelsea,Burnley,H,1.0,1.0,14.0,4.0,5.6,7.0,0.6,1.0,8.6,1.4,4.8,6.0,0
2020-01-11,Everton,Brighton,H,1.0,0.8,13.4,3.8,6.8,8.0,1.0,1.0,13.4,5.6,5.4,5.0,0
2020-01-11,Leicester,Southampton,A,1.4,1.8,11.2,5.0,5.0,7.0,1.4,0.6,11.8,4.2,5.8,10.0,2
2020-01-11,Man United,Norwich,H,1.4,1.2,17.4,7.0,4.8,7.0,1.0,1.4,11.8,4.4,4.2,3.0,0
2020-01-11,Wolves,Newcastle,D,1.4,1.6,15.6,4.6,7.6,6.0,0.6,2.0,9.8,2.4,3.2,3.0,1
2020-01-11,Tottenham,Liverpool,A,1.2,1.4,10.2,4.6,5.8,7.0,2.4,0.0,16.2,6.2,6.0,15.0,2
2020-01-12,Aston Villa,Man City,A,0.8,1.8,12.0,3.2,4.2,6.0,2.4,1.0,15.2,6.6,4.2,12.0,2
2020-01-12,Bournemouth,Watford,A,0.4,1.6,7.8,2.0,4.0,4.0,1.6,0.8,10.6,3.2,3.4,10.0,2
2020-01-18,Watford,Tottenham,D,2.2,0.4,12.6,4.0,3.8,13.0,0.8,1.4,11.2,4.4,6.2,4.0,1
2020-01-18,Newcastle,Chelsea,H,0.8,2.0,9.0,2.6,3.0,4.0,1.6,0.8,14.0,4.6,5.8,10.0,0
2020-01-18,West Ham,Everton,D,1.4,1.0,11.2,3.8,6.2,6.0,1.0,0.6,14.6,4.4,6.6,10.0,1
2020-01-18,Arsenal,Sheffield United,D,1.0,0.8,9.4,2.8,2.8,6.0,0.6,1.0,9.4,2.2,5.6,7.0,1
2020-01-18,Norwich,Bournemouth,H,0.8,2.0,11.4,4.4,3.8,2.0,0.2,2.2,7.6,1.8,4.2,1.0,0
2020-01-18,Man City,Crystal Palace,D,3.0,1.2,16.8,7.6,4.4,12.0,1.0,1.0,10.4,3.2,4.4,6.0,1
2020-01-18,Brighton,Aston Villa,D,0.8,1.0,12.2,4.0,4.6,4.0,1.0,2.6,11.8,3.4,4.2,6.0,1
2020-01-18,Southampton,Wolves,A,1.8,0.6,12.8,5.8,5.6,13.0,1.4,1.4,13.8,4.4,6.4,7.0,2
2020-01-19,Burnley,Leicester,H,0.4,1.6,8.6,1.0,4.6,3.0,1.4,2.0,8.6,5.0,3.0,6.0,0
2020-01-19,Liverpool,Man United,H,2.0,0.0,14.6,5.8,6.0,15.0,2.0,1.0,15.2,6.6,4.4,9.0,0
2020-01-21,Bournemouth,Brighton,H,0.2,2.2,8.2,2.4,4.4,1.0,1.0,1.0,12.4,4.0,4.4,5.0,0
2020-01-21,Crystal Palace,Southampton,A,1.4,1.2,8.2,3.0,3.8,7.0,1.6,1.0,11.6,5.2,4.8,10.0,2
2020-01-21,Everton,Newcastle,D,1.2,0.8,15.0,5.0,6.8,10.0,0.8,2.0,8.8,2.4,2.4,4.0,1
2020-01-21,Sheffield United,Man City,A,0.6,1.2,10.4,2.6,6.0,5.0,2.8,1.4,17.2,6.4,6.0,10.0,2
2020-01-21,Chelsea,Arsenal,D,1.2,1.0,15.2,4.8,6.8,7.0,1.2,1.0,10.4,3.2,2.8,6.0,1
2020-01-21,Aston Villa,Watford,H,1.0,2.2,9.6,2.8,3.6,7.0,1.8,0.4,13.4,3.8,3.8,11.0,0
2020-01-22,Leicester,West Ham,H,1.4,1.8,11.2,6.2,3.8,6.0,1.4,1.2,11.4,4.2,6.0,4.0,0
2020-01-22,Tottenham,Norwich,H,0.8,1.0,13.6,5.2,6.2,5.0,0.8,1.6,12.0,4.0,4.0,5.0,0
2020-01-22,Man United,Burnley,A,2.0,1.0,13.6,5.8,4.4,9.0,0.6,1.8,9.8,1.8,4.4,3.0,2
2020-01-23,Wolves,Liverpool,A,1.6,1.6,12.6,4.4,4.8,7.0,2.0,0.0,14.6,5.6,7.0,15.0,2
2020-01-29,West Ham,Liverpool,A,1.4,1.6,10.6,4.2,6.4,4.0,1.6,0.2,14.2,5.6,6.2,15.0,2
2020-02-01,Leicester,Chelsea,D,2.2,1.2,14.4,7.8,4.8,9.0,1.6,1.0,17.0,5.8,8.6,8.0,1
2020-02-01,Man United,Wolves,D,1.2,1.2,14.0,5.2,4.4,6.0,1.2,1.6,10.6,3.4,4.6,4.0,1
2020-02-01,West Ham,Brighton,D,1.2,1.6,9.2,4.2,6.0,4.0,1.0,1.2,14.4,4.6,5.6,5.0,1
2020-02-01,Bournemouth,Aston Villa,H,0.6,2.2,8.0,2.2,3.8,3.0,1.2,2.4,10.6,3.4,3.8,7.0,0
2020-02-01,Newcastle,Norwich,D,1.0,1.6,9.0,2.4,3.2,5.0,1.0,1.8,11.2,3.2,3.0,5.0,1
2020-02-01,Crystal Palace,Sheffield United,A,1.0,1.4,6.8,2.2,2.4,4.0,0.4,1.2,8.0,2.0,5.2,4.0,2
2020-02-01,Watford,Everton,A,1.8,0.6,14.0,3.8,4.2,10.0,1.4,1.2,14.2,5.6,6.0,8.0,2
2020-02-01,Liverpool,Southampton,H,1.8,0.2,14.8,6.0,6.6,15.0,1.6,1.0,13.6,5.8,6.2,10.0,0
2020-02-02,Tottenham,Man City,H,0.8,1.0,14.2,4.8,5.8,5.0,2.6,0.8,19.4,6.8,8.4,13.0,0
2020-02-02,Burnley,Arsenal,D,1.0,1.6,9.6,2.2,4.4,6.0,1.4,1.2,7.4,3.2,3.2,6.0,1
2020-02-08,Everton,Crystal Palace,H,1.6,1.4,12.2,4.8,5.2,8.0,0.8,1.4,8.4,2.4,3.4,3.0,0
2020-02-08,Brighton,Watford,D,1.2,1.8,15.0,4.6,5.0,3.0,1.6,1.2,12.2,3.0,3.8,7.0,1
2020-02-09,Sheffield United,Bournemouth,H,0.6,0.8,8.4,2.6,5.2,7.0,1.0,2.0,9.2,3.0,3.6,6.0,0
2020-02-14,Wolves,Leicester,D,1.2,1.4,11.4,3.6,4.6,5.0,2.2,1.4,14.6,7.0,4.6,7.0,1
2020-02-15,Norwich,Liverpool,A,0.6,1.4,14.0,3.6,4.6,5.0,2.2,0.2,14.2,6.4,6.2,15.0,2
2020-02-15,Southampton,Burnley,A,1.4,1.6,14.2,5.6,6.0,9.0,1.0,1.2,11.0,2.4,4.4,7.0,2
2020-02-16,Aston Villa,Tottenham,A,1.4,2.2,12.0,4.0,4.8,7.0,0.8,0.6,11.8,4.0,5.0,7.0,2
2020-02-16,Arsenal,Newcastle,H,1.2,0.8,8.6,3.2,4.2,7.0,0.8,1.2,8.0,2.4,3.8,6.0,0
2020-02-17,Chelsea,Man United,A,1.6,1.2,15.8,5.6,9.2,6.0,0.8,1.2,14.2,5.2,4.4,4.0,2
2020-02-19,Man City,West Ham,H,2.2,1.2,19.8,7.0,8.0,10.0,1.0,2.2,8.8,4.0,5.0,2.0,0
2020-02-22,Southampton,Aston Villa,H,1.4,2.0,13.8,5.4,5.6,6.0,1.4,2.6,13.4,3.6,6.4,4.0,0
2020-02-22,Leicester,Man City,A,1.6,1.4,13.0,5.6,3.6,5.0,2.2,1.0,20.6,7.0,8.6,10.0,2
2020-02-22,Sheffield United,Brighton,D,1.0,0.6,11.0,3.4,6.0,10.0,1.2,1.8,13.8,4.0,4.6,3.0,1
2020-02-22,Chelsea,Tottenham,H,1.4,1.4,16.0,4.8,10.4,5.0,1.4,0.8,14.2,5.0,4.6,10.0,0
2020-02-22,Crystal Palace,Newcastle,H,0.8,1.8,8.0,2.2,3.6,2.0,0.8,1.4,9.0,2.4,4.2,6.0,0
2020-02-22,Burnley,Bournemouth,H,1.2,1.0,8.8,3.4,3.4,10.0,1.2,1.6,10.6,3.0,4.0,6.0,0
2020-02-23,Arsenal,Everton,H,1.6,0.8,9.6,3.8,5.0,7.0,2.0,1.2,13.6,6.0,4.8,11.0,0
2020-02-23,Man United,Watford,H,1.2,0.8,14.0,5.0,5.2,7.0,1.4,1.2,11.4,2.8,3.4,5.0,0
2020-02-23,Wolves,Norwich,H,1.0,1.0,11.2,3.4,4.6,6.0,0.4,1.4,12.0,3.0,4.6,4.0,0
2020-02-24,Liverpool,West Ham,H,2.2,0.2,15.0,6.2,7.0,15.0,1.0,2.4,8.0,3.6,4.6,2.0,0
2020-02-28,Norwich,Leicester,H,0.4,1.2,11.6,3.2,4.4,4.0,1.4,1.2,14.0,5.2,3.8,5.0,0
2020-02-29,Brighton,Crystal Palace,A,1.4,1.8,13.6,4.0,4.4,4.0,0.8,1.6,10.4,3.4,4.8,4.0,2
2020-02-29,Bournemouth,Chelsea,D,1.2,1.6,11.0,3.6,3.6,6.0,1.2,1.6,15.8,4.6,9.0,5.0,1
2020-02-29,West Ham,Southampton,H,1.2,2.8,7.0,3.2,4.8,1.0,1.4,1.8,16.2,5.2,6.6,6.0,0
2020-02-29,Watford,Liverpool,H,0.8,1.8,9.2,2.0,3.4,2.0,2.4,0.6,16.8,6.6,8.0,15.0,0
2020-02-29,Newcastle,Burnley,D,0.6,1.4,9.6,2.6,4.8,5.0,1.8,0.4,10.6,5.0,4.2,13.0,1
2020-03-01,Everton,Man United,D,2.2,1.8,14.2,5.8,4.6,8.0,1.0,0.8,15.6,5.6,5.0,7.0,1
2020-03-01,Tottenham,Wolves,A,1.6,1.0,12.4,4.8,4.8,10.0,1.4,0.8,13.2,3.8,4.4,8.0,2
2020-03-07,Burnley,Tottenham,D,1.4,0.2,10.6,4.2,4.8,11.0,2.0,1.6,11.6,4.8,5.0,9.0,1
2020-03-07,Southampton,Newcastle,A,1.2,1.8,16.0,4.6,8.2,6.0,0.4,1.4,12.4,3.0,6.8,3.0,2
2020-03-07,Wolves,Brighton,D,1.4,0.8,14.4,3.8,4.8,8.0,1.2,1.8,16.4,5.2,5.4,3.0,1
2020-03-07,Arsenal,West Ham,H,2.0,1.0,10.0,3.8,5.4,9.0,1.6,2.2,8.6,4.2,4.0,4.0,0
2020-03-07,Crystal Palace,Watford,H,0.6,1.2,11.8,3.4,5.8,6.0,1.4,1.8,9.0,2.6,3.4,4.0,0
2020-03-07,Sheffield United,Norwich,H,1.0,0.8,11.2,3.4,7.0,8.0,0.4,1.2,10.6,3.4,4.8,4.0,0
2020-03-07,Liverpool,Bournemouth,H,2.0,1.0,15.6,5.6,8.2,12.0,1.6,1.8,11.6,4.0,3.4,7.0,0
2020-03-08,Chelsea,Everton,H,1.6,1.8,16.6,5.0,9.8,6.0,2.2,1.8,15.2,6.2,6.0,8.0,0
2020-03-08,Man United,Man City,H,1.2,0.6,16.6,5.8,5.6,8.0,1.2,0.8,19.8,6.0,9.2,10.0,0
2020-03-09,Leicester,Aston Villa,H,1.2,1.0,14.2,4.4,4.2,5.0,1.2,1.8,12.8,3.6,7.2,4.0,0
2020-06-17,Man City,Arsenal,H,0.8,0.8,16.2,5.2,8.6,9.0,2.0,0.8,9.6,3.4,5.8,11.0,0
2020-06-17,Aston Villa,Sheffield United,D,1.0,2.4,12.0,3.2,6.4,3.0,1.0,0.6,10.8,3.4,8.0,10.0,1
2020-06-19,Norwich,Southampton,A,0.2,1.0,10.6,4.0,5.2,4.0,0.8,2.0,14.2,4.0,7.6,3.0,2
2020-06-19,Tottenham,Man United,D,1.8,1.6,11.4,4.6,4.6,7.0,1.6,0.2,14.2,5.6,5.0,11.0,1
2020-06-20,Watford,Leicester,D,1.2,1.6,9.4,3.0,4.4,4.0,1.2,0.8,13.4,4.2,4.6,5.0,1
2020-06-20,Brighton,Arsenal,H,1.0,1.2,13.6,3.8,3.8,4.0,1.6,1.0,9.8,3.0,5.2,10.0,0
2020-06-20,West Ham,Wolves,A,1.6,2.0,10.0,4.6,4.8,4.0,1.2,0.4,14.6,3.4,4.8,9.0,2
2020-06-20,Bournemouth,Crystal Palace,A,1.2,2.0,10.6,4.2,3.2,4.0,0.8,0.8,12.6,4.0,7.4,9.0,2
2020-06-21,Newcastle,Sheffield United,H,0.2,1.0,13.6,4.0,7.6,5.0,1.0,0.4,11.0,3.4,7.8,11.0,0
2020-06-21,Aston Villa,Chelsea,A,0.6,2.2,11.6,3.4,7.6,1.0,2.0,1.4,16.2,5.6,7.6,8.0,2
2020-06-21,Everton,Liverpool,D,1.8,2.2,12.4,4.8,5.0,7.0,2.0,1.2,15.8,5.8,8.6,12.0,1
2020-06-22,Man City,Burnley,H,1.2,0.8,16.6,6.6,7.0,9.0,1.2,0.4,13.8,5.4,5.0,9.0,0
2020-06-23,Leicester,Brighton,D,1.0,0.6,13.6,3.8,5.2,5.0,0.8,0.8,11.6,3.6,4.6,6.0,1
2020-06-23,Tottenham,West Ham,H,1.6,1.8,12.8,4.6,5.6,5.0,1.0,1.8,9.0,3.8,5.0,3.0,0
2020-06-24,Wolves,Bournemouth,H,1.6,0.4,13.8,4.0,5.0,11.0,0.8,2.2,9.8,3.2,5.2,1.0,0
2020-06-24,Liverpool,Crystal Palace,H,1.2,1.2,14.6,4.6,8.6,10.0,1.2,0.6,11.4,3.8,6.4,12.0,0
2020-06-24,Newcastle,Aston Villa,D,0.8,1.0,13.0,4.6,6.4,7.0,0.6,2.2,9.6,3.2,6.4,1.0,1
2020-06-24,Man United,Sheffield United,H,1.8,0.4,13.6,5.8,5.4,11.0,0.8,1.0,10.4,3.0,7.6,8.0,0
2020-06-24,Norwich,Everton,A,0.2,1.6,8.6,3.4,4.6,3.0,1.2,1.8,11.8,4.4,4.4,5.0,2
2020-06-25,Southampton,Arsenal,A,1.4,1.2,15.2,5.0,6.8,6.0,1.8,1.4,9.8,3.8,5.2,9.0,2
2020-06-25,Burnley,Watford,H,1.2,1.4,11.0,5.0,4.2,8.0,1.0,1.2,8.8,3.4,4.0,5.0,0
2020-06-25,Chelsea,Man City,H,2.0,1.2,18.6,6.0,8.4,10.0,2.2,0.4,16.8,7.0,6.4,12.0,0
2020-06-27,Aston Villa,Wolves,A,0.4,1.8,8.8,2.8,5.8,2.0,1.8,0.4,12.8,3.8,4.8,13.0,2
2020-06-28,Watford,Southampton,A,0.8,1.2,9.8,3.8,5.0,4.0,1.2,1.2,15.6,5.2,6.8,6.0,2
2020-06-29,Crystal Palace,Burnley,A,1.0,0.8,10.0,3.4,5.2,12.0,1.0,1.2,11.0,4.8,3.8,8.0,2
2020-06-30,Brighton,Man United,A,0.6,0.6,11.6,3.6,5.4,6.0,2.0,0.4,14.8,6.4,5.8,11.0,2
2020-07-01,West Ham,Chelsea,H,1.0,1.8,10.4,4.2,5.6,3.0,2.4,1.0,18.2,7.8,7.6,13.0,0
2020-07-01,Everton,Leicester,H,0.8,1.6,11.4,3.8,4.6,5.0,1.0,0.6,14.0,3.6,6.4,5.0,0
2020-07-01,Arsenal,Norwich,H,1.4,1.4,8.8,3.4,5.4,9.0,0.2,1.6,9.4,3.4,5.4,3.0,0
2020-07-01,Bournemouth,Newcastle,A,0.6,2.0,8.6,2.8,5.2,1.0,1.0,0.4,13.6,4.8,6.4,8.0,2
2020-07-02,Sheffield United,Tottenham,H,0.4,1.4,8.0,2.0,7.0,5.0,1.4,1.4,11.2,3.4,6.0,5.0,0
2020-07-02,Man City,Liverpool,H,2.0,0.8,15.0,6.0,6.6,9.0,1.8,1.2,15.4,4.8,8.4,10.0,0
2020-07-04,Norwich,Brighton,A,0.2,1.8,9.8,3.0,5.6,3.0,0.4,1.0,11.6,3.6,5.8,5.0,2
2020-07-04,Leicester,Crystal Palace,H,1.2,0.8,15.0,3.6,6.8,5.0,0.8,1.0,9.8,2.4,5.6,9.0,0
2020-07-04,Man United,Bournemouth,H,2.0,0.4,13.0,5.8,6.2,11.0,0.8,2.2,8.6,2.2,5.8,1.0,0
2020-07-04,Wolves,Arsenal,A,1.4,0.4,10.8,3.0,4.4,13.0,1.6,1.0,9.6,4.2,5.4,9.0,2
2020-07-04,Chelsea,Watford,H,2.4,1.4,18.2,7.6,7.6,10.0,1.0,1.2,10.0,3.4,5.0,4.0,0
2020-07-05,Southampton,Man City,H,1.4,1.4,12.2,4.8,5.6,6.0,2.6,0.8,14.2,5.8,5.8,9.0,0
2020-07-05,Liverpool,Aston Villa,H,1.2,1.6,12.6,4.0,5.8,7.0,0.4,1.6,10.2,2.8,5.0,2.0,0
2020-07-05,Burnley,Sheffield United,D,0.6,1.2,9.4,3.6,2.6,8.0,0.8,1.4,6.6,2.4,4.8,7.0,1
2020-07-05,Newcastle,West Ham,D,1.8,0.4,14.4,5.8,6.0,11.0,1.2,1.6,11.0,4.2,4.4,6.0,1
2020-07-06,Tottenham,Everton,H,1.4,1.6,12.0,3.2,6.2,5.0,0.8,1.2,9.4,3.2,4.6,8.0,0
2020-07-07,Arsenal,Leicester,D,1.8,1.0,9.4,4.8,5.2,9.0,1.8,0.6,14.2,3.6,6.0,8.0,1
2020-07-07,Crystal Palace,Chelsea,A,0.6,1.6,8.8,2.0,5.6,6.0,2.6,1.0,17.8,8.2,5.8,12.0,2
2020-07-07,Watford,Norwich,H,0.4,1.8,8.6,3.0,5.0,1.0,0.0,2.0,10.0,2.0,4.4,0.0,0
2020-07-08,West Ham,Burnley,A,1.0,1.8,11.6,4.2,4.4,4.0,0.8,1.4,9.6,4.2,1.8,8.0,2
2020-07-08,Brighton,Liverpool,A,0.6,0.8,8.4,2.4,4.6,8.0,1.6,1.0,12.4,4.6,6.2,10.0,2
2020-07-08,Man City,Newcastle,H,2.6,0.6,18.0,6.6,6.2,9.0,2.2,0.8,12.4,5.8,5.0,11.0,0
2020-07-08,Sheffield United,Wolves,H,0.8,1.6,6.6,2.2,4.6,5.0,0.8,0.4,10.0,2.4,4.0,10.0,0
2020-07-09,Bournemouth,Tottenham,D,0.8,2.8,8.2,1.8,5.6,0.0,1.2,1.0,11.8,2.6,6.4,8.0,1
2020-07-09,Everton,Southampton,D,0.6,1.2,8.4,2.8,3.2,7.0,1.4,0.8,11.8,5.2,4.2,9.0,1
2020-07-09,Aston Villa,Man United,A,0.4,1.2,11.2,3.2,6.0,2.0,2.8,0.6,14.0,6.8,6.2,13.0,2
2020-07-11,Brighton,Man City,A,0.8,1.4,9.4,2.6,5.8,7.0,3.0,0.6,18.6,6.0,6.8,9.0,2
2020-07-11,Sheffield United,Chelsea,H,1.0,1.6,7.0,2.6,5.0,7.0,2.4,1.4,17.2,7.2,6.4,12.0,0
2020-07-11,Norwich,West Ham,A,0.2,2.2,10.0,1.6,4.0,0.0,1.0,1.8,13.0,4.0,5.0,4.0,2
2020-07-11,Liverpool,Burnley,D,1.8,1.0,13.4,5.0,6.4,10.0,0.8,1.2,7.0,3.4,1.8,10.0,1
2020-07-11,Watford,Newcastle,H,0.8,1.8,8.4,3.0,4.2,4.0,2.0,1.8,10.8,4.6,3.6,8.0,0
2020-07-12,Wolves,Everton,H,0.8,0.6,9.0,2.4,3.8,9.0,0.8,0.6,10.0,3.4,3.6,8.0,0
2020-07-12,Aston Villa,Crystal Palace,H,0.4,1.8,10.2,2.2,4.2,1.0,0.8,2.2,9.4,2.2,5.4,3.0,0
2020-07-12,Tottenham,Arsenal,H,1.0,0.8,11.0,2.2,7.8,8.0,2.0,0.6,11.0,6.2,6.8,10.0,0
2020-07-12,Bournemouth,Leicester,H,0.6,2.4,8.8,1.4,6.4,1.0,1.2,0.8,13.8,3.2,4.4,6.0,0
2020-07-13,Man United,Southampton,D,3.0,0.6,14.4,6.8,6.8,13.0,1.6,0.8,14.0,5.4,4.2,10.0,1
2020-07-14,Chelsea,Norwich,H,2.0,1.8,16.4,7.0,5.6,9.0,0.2,2.4,10.4,1.8,2.4,0.0,0
2020-07-15,Newcastle,Tottenham,A,1.6,2.2,10.0,3.8,4.0,5.0,1.2,0.8,12.0,3.4,7.6,10.0,2
2020-07-15,Burnley,Wolves,D,1.0,0.4,8.0,3.8,2.8,11.0,1.0,0.6,9.8,2.6,3.4,9.0,1
2020-07-15,Man City,Bournemouth,H,3.0,0.6,20.0,6.2,7.6,9.0,1.4,2.2,8.4,2.0,4.6,4.0,0
2020-07-15,Arsenal,Liverpool,H,2.0,0.6,11.0,5.8,6.4,10.0,2.0,1.2,16.0,6.2,7.6,10.0,0
2020-07-16,Leicester,Sheffield United,H,1.2,1.4,13.4,3.8,4.2,5.0,1.6,1.0,7.4,3.2,5.0,10.0,0
2020-07-16,Crystal Palace,Man United,A,0.4,2.6,9.8,2.8,4.8,0.0,3.2,0.8,13.6,6.4,6.4,13.0,2
2020-07-16,Southampton,Brighton,D,1.4,1.2,11.4,4.6,4.0,8.0,0.4,2.2,8.2,1.6,4.2,4.0,1
2020-07-16,Everton,Aston Villa,D,0.8,1.2,9.4,3.2,3.8,7.0,0.6,1.4,11.0,3.2,4.8,4.0,1
2020-07-17,West Ham,Watford,H,1.8,1.4,15.4,5.0,5.2,7.0,1.0,1.8,10.2,3.2,4.2,6.0,0
2020-07-18,Norwich,Burnley,A,0.2,2.4,9.0,1.6,1.4,0.0,1.0,0.6,8.0,3.0,3.2,9.0,2
2020-07-19,Tottenham,Leicester,H,1.4,1.0,10.6,3.6,6.6,10.0,1.6,1.4,14.2,4.8,4.8,7.0,0
2020-07-19,Bournemouth,Southampton,A,1.6,2.4,10.6,2.6,4.8,4.0,1.6,1.0,13.2,5.2,4.8,9.0,2
2020-07-20,Wolves,Crystal Palace,H,1.0,0.8,10.6,3.2,3.8,7.0,0.4,2.2,11.8,3.8,5.2,0.0,0
2020-07-20,Brighton,Newcastle,D,0.6,2.4,8.2,1.6,3.2,4.0,1.6,2.6,11.8,4.4,3.8,4.0,1
2020-07-20,Sheffield United,Everton,A,1.6,0.8,7.6,3.2,5.0,10.0,0.8,1.4,8.8,2.4,3.8,5.0,2
2020-07-21,Watford,Man City,A,1.2,2.2,11.0,3.0,3.4,6.0,3.2,0.4,19.4,6.6,6.8,12.0,2
2020-07-21,Aston Villa,Arsenal,H,0.6,1.4,11.2,3.0,4.0,4.0,2.0,0.8,9.6,5.2,5.6,10.0,0
2020-07-22,Man United,West Ham,D,3.0,0.8,14.0,6.2,5.8,13.0,2.4,1.2,15.4,5.4,6.2,10.0,1
2020-07-22,Liverpool,Chelsea,H,1.4,1.6,16.6,6.4,9.0,7.0,1.8,1.6,17.8,6.2,6.2,9.0,0
2020-07-26,Southampton,Sheffield United,H,1.4,0.8,14.2,5.4,5.4,9.0,1.0,0.8,7.8,2.2,6.2,7.0,0
2020-07-26,Burnley,Brighton,A,1.2,0.6,11.0,3.8,4.6,9.0,0.6,1.8,8.8,1.8,4.2,5.0,2
2020-07-26,Chelsea,Wolves,H,2.0,2.0,16.4,6.0,5.6,9.0,1.2,0.8,11.0,3.8,4.4,7.0,0
2020-07-26,Man City,Norwich,H,3.2,0.4,21.8,7.4,7.8,12.0,0.2,2.0,8.6,1.6,2.2,0.0,0
2020-07-26,Leicester,Man United,A,1.4,1.6,16.0,5.4,6.4,7.0,2.6,1.0,13.8,5.8,5.2,11.0,2
2020-07-26,Newcastle,Liverpool,A,0.8,2.4,11.8,3.2,4.6,2.0,2.4,1.4,16.4,7.2,9.6,10.0,2
2020-07-26,Everton,Bournemouth,A,0.6,1.2,8.4,2.4,3.4,5.0,1.4,2.0,10.4,3.0,6.0,4.0,2
2020-07-26,Arsenal,Watford,H,1.2,1.0,8.4,3.6,6.2,7.0,1.0,2.4,9.8,3.0,2.4,6.0,0
2020-07-26,West Ham,Aston Villa,D,2.0,1.0,15.8,5.2,6.4,8.0,0.8,1.2,10.6,3.4,5.2,7.0,1
2020-07-26,Crystal Palace,Tottenham,D,0.4,2.4,9.8,3.6,3.8,0.0,1.8,0.4,10.2,3.8,6.2,13.0,1
2020-09-12,Crystal Palace,Southampton,H,0.6,2.0,11.0,3.8,3.8,1.0,1.8,1.0,15.2,5.4,6.8,9.0,0
2020-09-12,West Ham,Newcastle,A,1.8,0.8,14.4,4.0,5.6,8.0,0.6,2.6,10.2,2.8,3.8,1.0,2
2020-09-12,Fulham,Arsenal,A,0.8,1.0,11.8,3.2,6.0,9.0,1.4,1.4,9.4,3.6,6.0,7.0,2
2020-09-13,Tottenham,Everton,A,1.8,0.6,9.2,3.8,5.6,11.0,0.8,1.6,8.8,2.8,2.6,5.0,2
2020-09-14,Brighton,Chelsea,A,0.8,2.0,10.0,2.2,5.2,5.0,1.8,2.0,14.4,4.8,5.2,9.0,2
2020-09-14,Sheffield United,Wolves,A,1.0,1.2,6.8,2.2,4.6,6.0,1.2,0.8,10.0,3.8,4.4,7.0,2
2020-09-19,Arsenal,West Ham,H,1.8,1.2,9.8,3.4,4.6,9.0,1.8,1.0,13.2,3.6,5.2,8.0,0
2020-09-19,Man United,Crystal Palace,A,2.0,0.6,11.4,4.4,4.2,11.0,0.4,1.4,9.4,3.6,3.8,4.0,2
2020-09-20,Southampton,Tottenham,A,1.6,1.0,13.6,5.6,6.4,8.0,1.8,0.8,9.2,4.8,4.2,10.0,2
2020-09-20,Newcastle,Brighton,A,1.0,1.6,12.0,3.0,5.0,4.0,0.8,2.0,10.2,2.4,4.8,5.0,2
2020-09-20,Chelsea,Liverpool,A,1.8,1.8,13.6,4.6,4.0,9.0,2.8,2.0,18.6,7.2,8.8,10.0,2
2020-09-20,Leicester,Burnley,H,1.2,1.8,15.8,5.6,7.2,6.0,1.2,0.8,11.8,3.4,5.2,8.0,0
2020-09-21,Aston Villa,Sheffield United,H,1.0,1.0,11.4,3.6,5.6,8.0,0.8,1.6,7.2,2.0,5.8,3.0,0
2020-09-21,Wolves,Man City,A,1.6,0.6,11.0,4.4,5.2,10.0,4.2,0.2,22.8,8.2,7.0,15.0,2
2020-09-26,Burnley,Southampton,A,1.4,1.6,13.4,3.6,5.4,5.0,1.6,1.6,14.6,6.0,5.8,7.0,2
2020-09-26,Brighton,Man United,A,1.4,1.0,12.2,3.6,4.6,8.0,1.6,1.2,11.2,4.0,5.0,8.0,2
2020-09-26,Crystal Palace,Everton,A,1.0,1.2,10.4,3.6,4.2,7.0,1.8,1.2,11.8,3.8,4.4,10.0,2
2020-09-27,Tottenham,Newcastle,D,2.4,1.0,8.0,4.2,3.4,10.0,0.8,1.8,11.6,2.2,5.6,4.0,1
2020-09-27,Man City,Leicester,A,3.8,0.4,21.0,8.2,6.6,15.0,1.8,1.4,16.0,5.8,9.0,9.0,2
2020-09-27,West Ham,Wolves,H,1.2,1.4,12.2,2.8,5.0,5.0,1.2,1.2,10.2,3.2,5.0,7.0,0
2020-09-28,Fulham,Aston Villa,A,0.8,2.4,9.8,2.8,4.2,3.0,1.2,0.4,13.2,3.8,7.0,11.0,2
2020-09-28,Liverpool,Arsenal,H,3.0,1.8,17.6,6.6,8.6,12.0,2.0,1.0,8.6,3.2,5.0,12.0,0
2020-10-03,Chelsea,Crystal Palace,H,2.2,2.2,11.6,5.2,3.2,7.0,1.2,1.2,9.4,2.8,5.2,7.0,0
2020-10-03,Everton,Brighton,H,2.0,1.2,12.0,4.6,4.6,12.0,1.6,1.4,13.8,4.2,5.6,7.0,0
2020-10-03,Newcastle,Burnley,H,0.8,1.4,8.4,1.2,5.4,5.0,1.2,1.6,14.2,3.6,5.8,4.0,0
2020-10-04,Aston Villa,Liverpool,H,1.4,0.4,13.2,3.0,6.6,11.0,3.4,1.6,17.0,6.6,7.4,15.0,0
2020-10-04,Man United,Tottenham,A,1.8,1.2,11.0,3.8,4.4,10.0,2.0,1.0,11.0,5.6,4.6,8.0,2
2020-10-04,Leicester,West Ham,A,2.4,1.8,14.4,5.8,8.0,9.0,1.4,1.2,13.2,3.4,3.4,5.0,2
2020-10-04,Arsenal,Sheffield United,H,1.8,1.4,8.8,3.4,5.2,9.0,0.2,1.6,8.0,2.0,5.8,0.0,0
2020-10-04,Wolves,Fulham,H,1.0,1.8,9.6,2.6,4.0,6.0,0.6,3.0,11.4,3.0,3.2,0.0,0
2020-10-17,Everton,Liverpool,D,2.6,1.6,13.2,5.4,5.0,12.0,2.8,2.4,17.8,6.8,7.6,12.0,1
2020-10-17,Chelsea,Southampton,D,2.4,1.2,13.0,5.4,4.8,10.0,1.6,1.4,10.8,4.8,4.4,9.0,1
2020-10-17,Man City,Arsenal,H,3.0,1.4,22.0,7.2,7.2,10.0,2.2,1.4,8.6,4.4,3.8,12.0,0
2020-10-17,Newcastle,Man United,A,1.4,1.6,8.0,2.0,4.6,7.0,1.6,2.4,8.6,3.2,3.4,7.0,2
2020-10-18,Tottenham,West Ham,D,2.6,1.2,14.0,6.6,4.6,8.0,1.8,1.0,13.6,4.0,3.6,7.0,1
2020-10-18,Leicester,Aston Villa,A,2.4,1.8,10.4,4.6,6.6,9.0,2.6,0.6,13.8,5.0,6.0,13.0,2
2020-10-18,Sheffield United,Fulham,D,0.4,1.8,7.6,2.4,5.2,0.0,0.6,3.0,12.2,3.0,3.4,0.0,1
2020-10-18,Crystal Palace,Brighton,D,1.2,1.6,8.8,2.2,5.8,7.0,2.0,2.2,13.8,4.2,5.8,6.0,1
2020-10-23,Aston Villa,Leeds,A,2.6,0.6,14.2,5.2,5.8,13.0,1.8,1.8,11.6,5.6,5.4,7.0,2
2020-10-24,West Ham,Man City,D,2.2,1.4,14.2,4.6,5.0,7.0,2.4,1.4,19.4,6.2,6.8,10.0,1
2020-10-24,Fulham,Crystal Palace,A,0.8,2.4,12.0,3.8,3.4,1.0,1.2,1.6,6.4,2.0,4.8,7.0,2
2020-10-24,Man United,Chelsea,D,2.2,2.4,12.0,5.2,4.4,9.0,2.6,1.8,13.0,5.8,5.4,8.0,1
2020-10-24,Liverpool,Sheffield United,H,2.6,2.6,19.4,7.2,7.8,10.0,0.4,1.4,8.6,3.0,5.4,1.0,0
2020-10-25,Arsenal,Leicester,A,1.6,1.2,8.2,4.0,4.2,9.0,2.4,1.6,9.8,5.0,6.4,9.0,2
2020-10-25,Southampton,Everton,H,1.6,1.8,10.8,5.2,3.0,7.0,2.8,1.4,12.8,5.4,5.0,13.0,0
2020-10-25,Wolves,Newcastle,D,1.0,1.4,10.6,3.0,4.2,9.0,1.4,1.8,8.8,2.4,4.2,7.0,1
2020-10-26,Burnley,Tottenham,A,0.8,2.0,11.0,3.2,4.8,1.0,3.0,1.6,14.8,7.4,4.8,8.0,2
2020-10-26,Brighton,West Brom,D,1.8,2.2,15.0,4.0,5.4,4.0,1.0,2.6,8.0,3.2,3.0,2.0,1
2020-10-30,Wolves,Crystal Palace,H,0.8,1.6,11.6,2.8,3.6,7.0,1.4,1.8,8.2,3.4,4.2,7.0,0
2020-10-31,Sheffield United,Man City,A,0.6,1.4,9.4,3.0,3.6,1.0,1.6,1.6,16.0,5.6,7.0,8.0,2
2020-10-31,Burnley,Chelsea,A,0.6,1.8,11.0,3.6,4.4,1.0,2.0,1.6,12.2,5.0,6.0,6.0,2
2020-10-31,Liverpool,West Ham,H,2.2,2.2,18.4,7.0,7.4,10.0,2.4,1.2,12.4,4.4,3.8,8.0,0
2020-11-01,Tottenham,Brighton,H,3.2,1.4,14.8,7.0,4.8,11.0,1.8,1.8,13.4,4.0,5.8,5.0,0
2020-11-01,Aston Villa,Southampton,A,2.4,1.0,14.0,5.2,5.6,12.0,2.0,1.6,11.4,5.4,3.2,10.0,2
2020-11-01,Newcastle,Everton,H,1.2,2.0,6.8,2.4,3.4,5.0,2.6,1.8,11.0,5.0,5.4,10.0,0
2020-11-01,Man United,Arsenal,A,1.8,2.4,13.4,5.4,5.6,7.0,1.0,1.4,8.0,3.6,5.4,6.0,2
2020-11-02,Leeds,Leicester,A,1.8,1.0,15.8,6.8,6.4,10.0,2.0,1.6,8.4,4.0,6.0,9.0,2
2020-11-02,Fulham,West Brom,H,1.0,2.2,14.2,4.0,3.8,1.0,1.2,2.2,8.4,3.6,3.0,3.0,0
2020-11-06,Brighton,Burnley,D,1.4,2.2,12.0,3.2,6.6,2.0,0.2,1.6,8.8,2.6,4.2,1.0,1
2020-11-06,Southampton,Newcastle,H,2.4,1.2,10.4,4.8,2.8,13.0,1.6,1.6,7.8,3.2,3.0,8.0,0
2020-11-07,Everton,Man United,A,1.8,1.8,10.6,4.4,4.0,7.0,1.6,2.0,12.4,5.0,5.0,7.0,2
2020-11-07,Crystal Palace,Leeds,H,0.8,2.0,7.6,2.8,4.8,4.0,1.2,1.2,16.0,6.2,7.4,7.0,0
2020-11-07,Chelsea,Sheffield United,H,2.6,1.2,14.0,6.2,6.6,9.0,0.6,1.4,9.6,3.0,3.2,1.0,0
2020-11-07,West Ham,Fulham,H,2.4,1.2,10.4,4.4,3.2,8.0,0.8,1.4,14.0,4.0,4.2,4.0,0
2020-11-08,West Brom,Tottenham,A,0.8,1.6,9.2,3.0,3.2,3.0,2.6,1.2,14.8,6.4,5.2,11.0,2
2020-11-08,Leicester,Wolves,H,2.0,1.4,7.6,4.4,3.6,9.0,1.0,1.0,12.6,3.6,4.2,10.0,0
2020-11-08,Man City,Liverpool,D,1.2,1.4,16.4,5.4,6.8,8.0,2.2,2.4,16.6,6.8,5.4,10.0,1
2020-11-08,Arsenal,Aston Villa,A,0.8,1.2,8.0,3.4,4.6,6.0,2.8,1.8,14.2,6.8,5.8,9.0,2
2020-11-21,Man United,West Brom,H,1.6,1.8,13.6,5.4,5.2,7.0,0.2,1.2,9.8,2.8,4.4,2.0,0
2020-11-21,Aston Villa,Brighton,A,2.8,1.8,14.8,7.0,6.8,9.0,1.0,1.6,12.2,2.8,6.2,3.0,2
2020-11-21,Newcastle,Chelsea,A,1.4,1.8,7.4,3.4,2.8,7.0,2.8,0.8,13.6,6.0,6.0,11.0,2
2020-11-21,Tottenham,Man City,H,2.6,1.0,14.0,5.0,4.4,13.0,1.0,0.6,14.6,4.8,6.4,9.0,0
2020-11-22,Fulham,Everton,A,0.8,1.0,13.4,4.0,4.2,4.0,1.6,2.2,10.0,3.6,3.8,4.0,2
2020-11-22,Sheffield United,West Ham,A,0.8,2.0,8.0,2.8,3.6,1.0,1.8,1.2,10.6,4.4,4.8,8.0,2
2020-11-22,Leeds,Arsenal,D,1.2,2.0,14.4,5.0,7.2,4.0,0.6,1.2,9.8,3.2,4.6,6.0,1
2020-11-22,Liverpool,Leicester,H,1.8,2.4,14.4,5.8,4.4,8.0,1.2,1.0,8.2,3.6,4.0,9.0,0
2020-11-23,Burnley,Crystal Palace,H,0.2,1.4,7.6,2.4,3.2,2.0,1.4,1.8,8.0,3.8,4.0,7.0,0
2020-11-23,Wolves,Southampton,D,1.0,0.4,11.8,3.6,4.2,10.0,2.6,1.2,12.4,6.2,4.0,13.0,1
2020-11-27,Crystal Palace,Newcastle,A,1.4,1.2,10.2,4.8,4.4,7.0,0.8,2.0,7.0,2.6,3.6,4.0,2
2020-11-28,Everton,Leeds,A,1.4,2.2,9.6,3.8,4.2,4.0,1.0,1.8,17.0,4.4,6.8,4.0,2
2020-11-28,West Brom,Sheffield United,H,0.2,1.0,10.2,2.8,4.6,2.0,0.6,1.8,8.6,3.4,3.2,1.0,0
2020-11-28,Brighton,Liverpool,D,1.0,1.0,11.4,2.8,4.8,6.0,2.0,1.0,16.4,6.8,5.0,11.0,1
2020-11-28,Man City,Burnley,H,0.8,0.8,14.4,5.4,6.4,8.0,0.2,0.8,8.2,2.6,3.2,5.0,0
2020-11-29,Chelsea,Tottenham,D,2.4,0.8,13.0,5.4,5.2,11.0,1.8,0.8,10.4,3.8,3.6,13.0,1
2020-11-29,Arsenal,Wolves,A,0.2,1.0,10.4,2.6,4.8,4.0,1.0,0.6,13.0,4.4,4.4,8.0,2
2020-11-29,Southampton,Man United,A,2.4,1.4,11.2,5.2,3.8,11.0,1.6,0.6,16.0,6.4,6.4,10.0,2
2020-11-30,Leicester,Fulham,A,1.2,1.0,9.6,4.4,3.4,9.0,1.2,1.4,14.2,4.8,4.2,4.0,2
2020-11-30,West Ham,Aston Villa,H,1.4,1.2,10.8,3.8,5.2,8.0,1.6,1.8,14.2,5.6,8.8,6.0,0
2020-12-05,Burnley,Everton,D,0.2,1.8,8.2,2.0,3.6,4.0,1.0,2.0,10.4,4.4,4.6,3.0,1
2020-12-05,Man City,Fulham,H,1.6,0.8,15.6,5.6,6.4,8.0,1.4,1.4,13.2,4.6,4.2,6.0,0
2020-12-05,West Ham,Man United,A,1.2,0.8,9.4,3.4,4.4,10.0,1.4,0.8,13.4,4.8,6.8,10.0,2
2020-12-05,Chelsea,Leeds,H,1.8,0.2,13.4,5.0,4.6,11.0,1.2,1.6,19.0,5.4,5.6,7.0,0
2020-12-06,Liverpool,Wolves,H,1.8,0.8,13.2,5.6,4.6,11.0,1.2,0.8,13.8,4.8,4.6,8.0,0
2020-12-06,Sheffield United,Leicester,A,0.4,1.8,10.8,3.2,4.6,0.0,1.4,1.2,10.6,4.0,4.2,9.0,2
2020-12-06,Tottenham,Arsenal,H,1.2,0.2,9.2,2.8,3.6,13.0,0.4,1.2,10.8,2.4,5.2,4.0,0
2020-12-06,West Brom,Crystal Palace,A,0.4,1.0,11.0,2.8,5.8,4.0,1.2,1.4,12.4,5.2,5.4,6.0,2
2020-12-07,Brighton,Southampton,A,1.0,1.0,9.6,2.8,4.6,6.0,2.2,1.4,10.6,5.0,4.4,10.0,2
2020-12-11,Leeds,West Ham,A,0.8,2.2,15.2,4.2,5.4,4.0,1.2,1.2,12.0,4.2,5.0,9.0,2
2020-12-12,Wolves,Aston Villa,A,1.0,1.4,12.4,4.8,5.4,7.0,1.6,2.2,15.4,6.0,8.8,3.0,2
2020-12-12,Newcastle,West Brom,H,1.0,1.2,8.4,3.2,4.2,7.0,0.4,1.8,11.0,3.0,6.2,3.0,0
2020-12-12,Man United,Man City,D,2.0,1.0,13.6,5.2,5.8,12.0,1.8,0.6,16.0,5.4,6.2,10.0,1
2020-12-12,Everton,Chelsea,H,1.2,1.8,11.8,5.2,4.4,4.0,2.4,0.4,16.8,7.0,5.0,13.0,0
2020-12-13,Leicester,Brighton,H,1.6,1.4,12.0,4.4,4.6,9.0,1.0,1.2,11.0,3.0,4.2,5.0,0
2020-12-13,Arsenal,Burnley,A,0.4,1.4,10.6,2.0,5.2,4.0,0.4,1.8,7.2,1.8,4.4,5.0,2
2020-12-13,Crystal Palace,Tottenham,D,1.8,1.4,13.2,4.4,5.8,6.0,1.4,0.2,8.6,2.8,3.2,13.0,1
2020-12-13,Southampton,Sheffield United,H,2.2,1.6,10.2,4.4,4.2,10.0,0.4,1.8,9.0,3.0,5.2,0.0,0
2020-12-13,Fulham,Liverpool,D,1.2,1.4,11.2,4.2,4.0,6.0,2.2,0.6,12.0,5.8,4.0,11.0,1
2020-12-15,Wolves,Chelsea,H,0.6,1.6,12.6,5.2,5.0,4.0,1.8,0.6,16.0,5.8,5.4,10.0,0
2020-12-15,Man City,West Brom,D,1.6,0.6,14.6,4.2,5.8,8.0,0.6,1.8,11.6,3.4,6.4,3.0,1
2020-12-16,Arsenal,Southampton,D,0.2,1.6,12.8,2.8,7.2,1.0,2.0,1.0,11.6,4.8,5.6,10.0,1
2020-12-16,Leeds,Newcastle,H,0.8,1.8,15.6,4.8,4.4,4.0,1.2,1.2,9.8,4.2,4.4,9.0,0
2020-12-16,Leicester,Everton,A,1.4,1.2,13.0,4.0,5.8,9.0,1.2,1.4,10.6,5.2,4.8,7.0,2
2020-12-16,Fulham,Brighton,D,1.0,1.6,10.6,4.0,4.2,4.0,0.8,1.4,12.2,3.4,4.2,5.0,1
2020-12-16,Liverpool,Tottenham,H,2.0,0.6,12.6,6.0,5.4,9.0,1.2,0.2,9.6,3.4,3.8,11.0,0
2020-12-16,West Ham,Crystal Palace,D,1.4,1.0,15.0,5.2,5.8,12.0,2.0,1.2,14.2,5.0,5.4,7.0,1
2020-12-17,Aston Villa,Burnley,D,1.8,1.6,15.6,5.6,9.2,6.0,0.6,1.2,8.2,2.2,4.6,8.0,1
2020-12-17,Sheffield United,Man United,A,0.4,2.2,8.6,2.8,5.6,0.0,2.0,0.8,14.2,5.2,5.4,13.0,2
2020-12-19,Crystal Palace,Liverpool,A,1.4,1.2,13.8,4.2,5.4,5.0,2.2,0.6,14.0,7.6,6.4,11.0,2
2020-12-19,Southampton,Man City,A,1.8,1.2,11.2,3.8,5.4,8.0,1.6,0.6,18.4,5.2,8.2,8.0,2
2020-12-19,Everton,Arsenal,H,1.4,0.8,11.4,6.2,5.0,10.0,0.4,1.2,12.0,3.2,7.0,2.0,0
2020-12-19,Newcastle,Fulham,D,1.2,2.0,9.6,4.2,4.2,6.0,1.0,1.4,9.8,4.2,3.4,5.0,1
2020-12-20,Brighton,Sheffield United,D,0.8,1.4,10.2,3.6,4.8,5.0,0.6,2.0,9.8,3.4,5.4,0.0,1
2020-12-20,Tottenham,Leicester,A,1.2,0.6,7.4,2.8,3.4,8.0,1.2,1.6,13.8,3.8,5.4,6.0,2
2020-12-20,Man United,Leeds,H,2.0,1.0,14.4,5.8,5.6,13.0,1.6,1.4,18.8,6.2,4.6,7.0,0
2020-12-20,West Brom,Aston Villa,A,0.8,1.8,10.2,3.2,5.0,4.0,1.2,0.8,17.2,5.0,9.2,7.0,2
2020-12-21,Chelsea,West Ham,H,1.2,0.8,14.6,4.6,5.4,7.0,1.4,1.2,13.6,4.2,5.0,10.0,0
2020-12-21,Burnley,Wolves,H,0.6,1.2,8.6,2.8,4.2,8.0,1.0,1.6,13.6,5.6,5.4,7.0,0
2020-12-26,Sheffield United,Everton,A,0.8,2.0,9.0,3.0,5.4,1.0,1.2,0.6,11.4,5.2,4.8,10.0,2
2020-12-26,Man City,Newcastle,H,1.8,0.2,16.2,5.2,7.4,11.0,1.4,1.8,11.2,4.8,4.0,7.0,0
2020-12-26,Aston Villa,Crystal Palace,H,1.2,0.8,18.0,5.8,9.0,7.0,1.4,2.4,11.8,3.8,5.0,5.0,0
2020-12-26,Fulham,Southampton,D,0.8,1.0,9.2,3.8,4.8,6.0,1.6,1.2,11.6,4.0,5.8,7.0,1
2020-12-26,Arsenal,Chelsea,H,0.6,1.6,12.8,3.2,7.0,1.0,1.4,0.8,14.0,5.4,5.6,7.0,0
2020-12-26,Leicester,Man United,D,1.6,1.0,15.0,3.8,5.4,9.0,3.0,1.4,16.2,7.2,6.2,13.0,1
2020-12-27,Leeds,Burnley,H,2.0,2.6,17.2,6.0,6.2,6.0,0.8,1.4,8.6,2.8,3.6,8.0,0
2020-12-27,West Ham,Brighton,D,1.2,1.8,11.8,3.6,4.6,7.0,0.6,1.4,13.0,4.0,7.0,3.0,1
2020-12-27,Liverpool,West Brom,D,3.0,0.6,12.0,6.6,5.2,11.0,0.8,2.2,9.0,3.0,4.8,4.0,1
2020-12-27,Wolves,Tottenham,D,1.0,1.8,12.6,4.4,5.4,6.0,0.8,1.0,8.2,3.0,4.4,5.0,1
2020-12-28,Crystal Palace,Leicester,D,1.4,2.6,12.0,4.4,4.4,5.0,1.8,1.0,13.8,3.6,5.2,10.0,1
2020-12-28,Chelsea,Aston Villa,D,1.6,1.4,15.2,5.4,6.8,6.0,1.6,0.4,19.2,7.0,7.4,10.0,1
2020-12-29,Man United,Wolves,H,2.8,1.4,15.0,6.8,4.4,11.0,0.8,1.8,12.6,4.6,6.4,4.0,0
2020-12-29,West Brom,Leeds,A,0.8,2.4,6.6,2.4,2.6,2.0,2.0,2.6,14.8,5.4,6.6,6.0,2
2020-12-29,Burnley,Sheffield United,H,0.8,0.6,9.6,3.8,5.2,8.0,0.8,2.0,6.8,2.4,4.8,1.0,0
2020-12-29,Brighton,Arsenal,A,0.8,1.6,13.4,4.2,7.0,3.0,1.0,1.4,13.2,4.2,6.8,4.0,2
2020-12-29,Southampton,West Ham,D,1.2,0.6,10.2,3.4,5.4,8.0,1.2,2.0,12.8,4.0,5.0,5.0,1
2020-12-30,Newcastle,Liverpool,D,1.4,1.8,11.0,5.0,3.2,7.0,3.0,0.6,14.2,6.6,6.2,11.0,1
2021-01-01,Everton,West Ham,A,1.4,0.4,9.8,4.2,4.6,13.0,1.0,1.4,10.6,3.4,4.6,6.0,2
2021-01-01,Man United,Aston Villa,H,2.4,1.2,14.2,6.2,4.0,11.0,1.6,0.2,18.0,6.2,6.8,11.0,0
2021-01-02,Tottenham,Leeds,H,1.0,1.2,8.4,3.4,4.2,5.0,2.8,2.0,16.0,6.0,7.8,9.0,0
2021-01-02,Crystal Palace,Sheffield United,H,0.6,2.6,9.2,3.4,3.6,3.0,0.6,1.8,7.4,2.8,4.6,1.0,0
2021-01-02,Brighton,Wolves,D,0.6,1.4,13.6,3.8,7.2,3.0,0.8,1.2,12.6,5.0,5.6,4.0,1
2021-01-02,West Brom,Arsenal,A,0.6,2.4,5.6,1.8,2.4,2.0,1.2,1.0,13.2,4.4,5.8,7.0,2
2021-01-03,Newcastle,Leicester,A,1.0,1.8,9.8,4.0,3.6,5.0,1.6,1.0,14.6,3.4,5.2,8.0,2
2021-01-03,Chelsea,Man City,A,1.2,1.4,13.8,4.2,7.4,4.0,1.2,0.2,14.6,5.2,7.6,11.0,2
2021-01-04,Southampton,Liverpool,H,0.8,0.4,9.8,3.4,5.6,6.0,2.2,0.6,14.2,6.2,7.8,9.0,0
2021-01-12,Sheffield United,Newcastle,H,0.6,1.6,8.2,3.2,5.0,1.0,0.8,2.0,9.0,3.0,3.4,2.0,0
2021-01-12,Burnley,Man United,A,0.8,0.4,9.0,3.8,4.2,10.0,2.8,1.4,15.8,7.6,4.2,13.0,2
2021-01-12,Wolves,Everton,A,1.4,1.6,11.6,4.4,6.2,5.0,1.2,0.4,9.2,3.4,4.8,12.0,2
2021-01-13,Man City,Brighton,H,1.4,0.4,15.0,5.2,6.4,11.0,1.2,1.4,13.8,3.8,7.2,4.0,0
2021-01-13,Tottenham,Fulham,D,1.2,1.2,11.2,4.2,4.2,5.0,0.4,0.8,9.2,3.0,5.0,4.0,1
2021-01-14,Arsenal,Crystal Palace,D,2.0,0.8,13.8,5.6,4.2,10.0,0.8,2.4,7.8,3.2,3.4,5.0,1
2021-01-16,Leicester,Southampton,H,1.4,1.2,13.4,2.8,4.6,8.0,0.4,0.4,8.0,2.8,4.2,6.0,0
2021-01-16,Fulham,Chelsea,A,0.6,0.6,11.0,3.6,5.4,5.0,1.4,1.8,13.6,4.0,7.2,4.0,2
2021-01-16,West Ham,Burnley,H,0.8,1.2,9.0,2.8,4.2,6.0,0.6,0.6,9.2,3.4,4.0,7.0,0
2021-01-16,Wolves,West Brom,A,1.2,1.8,11.6,4.2,6.4,2.0,0.4,2.8,4.4,1.8,2.4,2.0,2
2021-01-16,Leeds,Brighton,A,2.6,2.2,17.0,5.6,7.8,9.0,1.2,1.6,13.0,3.2,6.4,3.0,2
2021-01-17,Sheffield United,Tottenham,A,0.4,1.0,9.2,2.8,4.8,4.0,1.2,1.2,11.4,4.2,4.0,5.0,2
2021-01-17,Liverpool,Man United,D,2.0,0.6,15.2,5.2,8.2,8.0,2.4,1.0,15.6,7.4,4.4,13.0,1
2021-01-17,Man City,Crystal Palace,H,1.6,0.4,16.4,6.0,7.4,13.0,0.6,2.2,8.6,3.2,3.4,5.0,0
2021-01-18,Arsenal,Newcastle,H,1.8,0.6,14.2,5.6,5.2,10.0,0.4,1.2,8.4,2.8,3.0,2.0,0
2021-01-19,West Ham,West Brom,H,0.8,1.0,10.2,3.2,4.6,8.0,0.8,3.0,5.8,2.6,2.0,4.0,0
2021-01-19,Leicester,Chelsea,H,1.8,0.8,13.8,3.4,4.2,11.0,1.4,1.4,15.2,4.6,8.4,7.0,0
2021-01-20,Fulham,Man United,A,0.4,0.6,11.0,3.2,4.4,4.0,1.2,0.6,12.0,5.4,2.8,11.0,2
2021-01-20,Man City,Aston Villa,H,2.2,0.2,13.8,5.8,7.0,15.0,1.6,0.6,16.4,6.8,7.2,8.0,0
2021-01-21,Liverpool,Burnley,A,1.6,0.4,15.2,3.6,8.2,6.0,0.6,0.8,10.0,3.0,4.6,6.0,2
2021-01-23,Aston Villa,Newcastle,H,1.6,1.0,13.2,6.2,5.4,7.0,0.2,1.6,6.8,2.0,3.0,1.0,0
2021-01-26,Crystal Palace,West Ham,A,0.6,1.6,8.0,2.6,2.6,5.0,1.2,0.6,11.8,4.4,4.4,11.0,2
2021-01-26,Newcastle,Leeds,A,0.2,1.6,6.8,1.8,3.2,1.0,1.6,2.0,13.4,4.0,7.4,6.0,2
2021-01-26,Southampton,Arsenal,A,0.2,0.6,7.0,2.8,3.8,5.0,2.2,0.2,15.6,6.4,6.0,13.0,2
2021-01-26,West Brom,Man City,A,1.0,2.8,6.8,2.8,2.0,4.0,2.4,0.2,17.2,6.6,9.0,15.0,2
2021-01-27,Burnley,Aston Villa,H,0.4,0.6,9.2,3.0,4.4,6.0,1.4,1.0,12.2,5.2,5.0,7.0,0
2021-01-27,Chelsea,Wolves,D,0.8,1.8,14.8,4.2,8.0,4.0,1.4,2.0,13.2,4.8,7.2,2.0,1
2021-01-27,Brighton,Fulham,D,1.2,1.4,10.2,2.6,4.0,5.0,0.6,1.0,11.6,3.4,4.6,3.0,1
2021-01-27,Everton,Leicester,D,1.4,0.6,8.4,3.2,4.6,12.0,1.8,0.8,12.0,3.8,4.8,11.0,1
2021-01-27,Man United,Sheffield United,A,1.2,0.4,13.2,5.6,4.4,13.0,0.4,1.4,11.2,3.2,5.4,3.0,2
2021-01-28,Tottenham,Liverpool,A,1.6,1.0,12.6,4.8,4.6,8.0,0.2,0.6,17.8,3.2,9.8,3.0,2
2021-01-30,Southampton,Aston Villa,A,0.4,1.0,7.8,3.2,3.4,5.0,1.2,1.6,11.6,5.2,5.0,4.0,2
2021-01-30,Arsenal,Man United,D,2.2,0.2,14.4,6.0,5.6,13.0,1.2,0.8,14.2,5.8,5.4,10.0,1
2021-01-30,West Brom,Fulham,D,0.8,3.6,6.6,2.4,2.0,3.0,0.4,0.8,11.4,3.2,2.8,3.0,1
2021-01-30,Everton,Newcastle,A,1.2,0.8,7.8,2.4,4.4,10.0,0.4,2.0,9.6,2.4,4.0,0.0,2
2021-01-30,Crystal Palace,Wolves,H,1.0,1.6,6.6,2.0,2.4,5.0,1.2,1.8,11.8,3.6,5.6,2.0,0
2021-01-30,Man City,Sheffield United,H,3.0,0.2,18.6,6.8,9.2,15.0,0.8,1.4,10.2,3.4,4.6,6.0,0
2021-01-31,Brighton,Tottenham,H,0.8,1.0,10.8,2.8,5.2,5.0,1.8,1.2,11.6,4.6,3.8,8.0,0
2021-01-31,Chelsea,Burnley,H,0.6,1.2,13.8,4.6,8.8,5.0,1.0,0.8,8.4,2.8,2.4,9.0,0
2021-01-31,Leicester,Leeds,A,1.6,0.6,13.8,4.6,6.0,11.0,1.6,1.0,11.8,3.8,5.8,9.0,2
2021-01-31,West Ham,Liverpool,A,1.4,0.6,13.0,5.0,4.2,13.0,0.6,0.6,17.2,4.2,8.6,5.0,2
2021-02-02,Newcastle,Crystal Palace,A,0.6,1.6,10.6,2.6,5.8,3.0,1.0,1.4,8.0,2.2,2.2,7.0,2
2021-02-02,Man United,Southampton,H,0.8,0.6,13.2,4.6,5.8,8.0,0.4,1.2,11.2,3.8,4.2,4.0,0
2021-02-02,Sheffield United,West Brom,H,0.8,1.4,9.6,3.0,3.6,6.0,1.2,3.0,6.8,2.8,1.8,4.0,0
2021-02-02,Wolves,Arsenal,H,1.2,1.8,11.2,3.4,6.4,2.0,2.0,0.2,15.6,6.0,5.6,11.0,0
2021-02-03,Burnley,Man City,A,0.8,1.2,7.6,2.2,2.2,6.0,2.6,0.0,17.0,6.6,10.6,15.0,2
2021-02-03,Fulham,Leicester,A,0.8,1.2,11.8,4.4,2.2,3.0,1.6,1.0,14.0,5.6,6.2,10.0,2
2021-02-03,Leeds,Everton,A,2.0,1.2,11.2,4.4,5.8,9.0,0.8,1.0,8.2,2.6,5.0,7.0,2
2021-02-03,Aston Villa,West Ham,A,1.2,1.4,11.2,5.6,4.4,6.0,1.6,1.2,13.0,4.8,4.8,12.0,2
2021-02-03,Liverpool,Brighton,A,1.2,0.8,17.8,4.4,7.2,7.0,1.0,0.8,11.4,3.4,6.0,8.0,2
2021-02-04,Tottenham,Chelsea,A,1.6,1.2,12.0,4.8,3.8,7.0,0.8,1.0,14.4,5.2,7.4,7.0,2
2021-02-06,Fulham,West Ham,D,0.6,1.4,10.4,3.8,2.2,2.0,2.0,1.4,14.8,5.8,4.6,12.0,1
2021-02-06,Man United,Everton,D,2.4,0.6,15.4,6.0,6.0,8.0,1.0,1.2,8.8,3.2,4.6,7.0,1
2021-02-06,Newcastle,Southampton,H,0.8,1.8,13.4,3.0,7.2,3.0,0.4,3.0,10.2,3.4,4.0,3.0,0
2021-02-06,Burnley,Brighton,D,0.8,1.4,5.8,2.2,1.8,6.0,0.6,0.2,11.4,3.4,5.6,10.0,1
2021-02-06,Aston Villa,Arsenal,H,1.2,1.6,12.0,5.0,3.8,6.0,1.4,0.6,13.2,4.2,5.8,8.0,0
2021-02-07,Tottenham,West Brom,H,1.0,1.4,9.4,3.8,3.6,4.0,1.4,2.6,7.0,3.0,1.6,4.0,0
2021-02-07,Wolves,Leicester,D,1.0,1.4,11.2,4.0,6.6,4.0,1.6,0.8,14.0,6.0,5.4,10.0,1
2021-02-07,Liverpool,Man City,A,1.2,0.8,16.6,4.4,6.4,7.0,2.8,0.0,17.2,6.6,9.6,15.0,2
2021-02-07,Sheffield United,Chelsea,A,1.2,1.2,11.0,3.8,4.2,9.0,0.8,0.4,16.2,5.2,7.8,10.0,2
2021-02-08,Leeds,Crystal Palace,H,1.2,1.6,11.6,4.6,5.2,6.0,1.0,1.6,7.4,2.0,1.8,7.0,0
2021-02-13,Leicester,Liverpool,H,1.2,0.8,13.4,5.6,5.4,8.0,1.4,1.6,14.8,4.4,6.2,6.0,0
2021-02-13,Crystal Palace,Burnley,A,1.0,2.0,6.6,2.2,1.8,6.0,1.0,1.4,7.8,3.2,2.6,7.0,2
2021-02-13,Man City,Tottenham,H,2.8,0.2,16.2,6.4,7.6,15.0,1.2,1.2,9.0,3.8,4.0,6.0,0
2021-02-13,Brighton,Aston Villa,D,0.8,0.2,12.4,3.6,6.2,11.0,1.4,1.2,12.2,5.8,4.0,9.0,1
2021-02-14,Everton,Fulham,A,1.6,1.6,8.0,3.4,3.8,8.0,0.6,1.2,12.4,3.6,3.4,3.0,2
2021-02-14,Arsenal,Leeds,H,1.4,0.8,13.8,4.0,5.8,7.0,1.6,1.0,11.4,5.0,5.2,9.0,0
2021-02-14,West Brom,Man United,D,0.8,2.6,5.4,2.2,1.6,1.0,3.0,1.2,16.6,6.2,6.4,8.0,1
2021-02-14,Southampton,Wolves,A,0.6,3.6,11.6,3.8,5.2,0.0,0.8,1.0,11.4,3.6,7.0,5.0,2
2021-02-15,West Ham,Sheffield United,H,1.8,1.4,13.4,5.2,3.8,10.0,1.2,1.6,9.2,3.6,3.4,6.0,0
2021-02-15,Chelsea,Newcastle,H,1.0,0.6,13.8,4.6,7.0,10.0,1.4,1.6,13.8,3.6,6.8,6.0,0
2021-02-17,Burnley,Fulham,D,1.4,1.4,9.8,3.2,3.4,7.0,0.8,0.8,12.4,3.2,3.8,6.0,1
2021-02-17,Everton,Man City,A,1.2,1.8,8.4,3.2,3.8,5.0,3.0,0.2,13.6,5.8,5.2,15.0,2
2021-02-19,Wolves,Leeds,H,0.8,0.6,8.8,3.2,6.0,8.0,2.0,1.6,11.8,5.6,5.2,9.0,0
2021-02-20,Southampton,Chelsea,D,0.8,3.6,11.4,3.8,5.0,0.0,1.4,0.2,15.6,4.6,8.4,13.0,1
2021-02-20,Burnley,West Brom,D,1.0,1.2,9.4,2.8,4.0,5.0,0.8,2.4,5.6,2.4,2.2,2.0,1
2021-02-20,Liverpool,Everton,A,1.6,2.0,12.4,4.0,6.2,6.0,1.2,2.2,7.4,3.2,2.8,4.0,2
2021-02-20,Fulham,Sheffield United,H,1.0,1.0,12.0,3.2,4.8,6.0,1.0,1.6,7.8,3.6,3.8,6.0,0
2021-02-21,Man United,Newcastle,H,2.8,1.2,15.6,6.6,5.8,6.0,1.4,1.6,14.4,4.2,7.0,6.0,0
2021-02-21,Arsenal,Man City,A,1.6,1.2,12.4,3.8,5.2,7.0,2.6,0.4,13.2,5.8,5.6,15.0,2
2021-02-21,West Ham,Tottenham,H,2.0,1.2,13.2,5.8,4.6,10.0,0.6,1.6,7.6,3.4,3.0,3.0,0
2021-02-21,Aston Villa,Leicester,A,1.0,1.2,10.2,5.0,3.4,7.0,1.4,1.0,14.0,5.6,4.6,8.0,2
2021-02-22,Brighton,Crystal Palace,A,0.6,0.2,16.2,5.0,7.6,9.0,1.0,1.8,8.8,2.8,3.0,6.0,2
2021-02-23,Leeds,Southampton,H,1.6,1.6,13.6,6.6,6.0,6.0,0.8,3.2,9.6,3.0,4.8,1.0,0
2021-02-27,Man City,West Ham,H,2.6,0.4,14.2,5.4,4.2,15.0,1.8,1.0,10.6,5.2,4.8,10.0,0
2021-02-27,West Brom,Brighton,H,0.8,1.4,6.8,2.8,2.6,3.0,0.8,0.6,18.0,5.0,8.2,8.0,0
2021-02-27,Leeds,Aston Villa,A,1.6,1.4,14.2,6.6,5.6,6.0,0.8,1.0,8.8,3.4,4.0,7.0,2
2021-02-27,Newcastle,Wolves,D,1.4,1.8,12.0,4.4,6.0,6.0,1.0,0.6,11.0,4.2,7.2,10.0,1
2021-02-28,Sheffield United,Liverpool,A,0.6,1.6,7.6,3.4,4.2,3.0,1.0,2.2,12.6,3.8,7.2,3.0,2
2021-02-28,Chelsea,Man United,D,1.6,0.4,14.6,4.2,7.0,13.0,3.2,1.0,15.4,7.2,5.6,9.0,1
2021-02-28,Leicester,Arsenal,A,1.6,1.0,13.4,5.8,4.0,10.0,1.0,1.2,12.0,3.0,4.4,4.0,2
2021-02-28,Crystal Palace,Fulham,D,1.0,1.4,8.2,2.6,2.4,9.0,0.8,0.6,12.6,3.2,5.4,8.0,1
2021-02-28,Tottenham,Burnley,H,0.6,1.4,11.0,3.8,4.2,3.0,1.0,0.8,10.4,3.0,4.6,6.0,0
2021-03-01,Everton,Southampton,H,1.6,1.8,7.0,3.8,1.8,7.0,0.8,3.6,8.2,3.0,4.2,1.0,0
2021-03-02,Man City,Wolves,H,2.6,0.6,12.8,4.8,4.4,15.0,1.2,0.6,12.6,4.2,7.0,11.0,0
2021-03-03,Burnley,Leicester,D,1.0,1.2,12.0,3.6,5.2,6.0,1.6,1.0,11.4,4.8,3.2,10.0,1
2021-03-03,Sheffield United,Aston Villa,H,0.6,1.8,8.4,3.6,5.0,3.0,0.8,1.0,9.0,3.4,4.8,7.0,0
2021-03-03,Crystal Palace,Man United,D,0.8,1.4,6.6,2.2,2.4,7.0,3.2,1.0,14.8,7.4,5.0,9.0,1
2021-03-04,West Brom,Everton,A,0.6,1.0,7.0,2.6,3.6,5.0,1.4,1.6,6.4,2.8,2.4,7.0,2
2021-03-04,Fulham,Tottenham,A,0.8,0.2,14.2,3.8,5.0,9.0,1.4,1.2,12.6,4.4,4.4,6.0,2
2021-03-04,Liverpool,Chelsea,A,0.8,2.0,13.0,4.4,6.8,3.0,1.2,0.4,14.4,3.8,6.8,11.0,2
2021-03-06,Brighton,Leicester,A,0.6,0.8,17.8,5.2,7.2,5.0,1.4,1.2,12.6,4.6,4.4,8.0,2
2021-03-06,Aston Villa,Wolves,D,0.6,0.6,10.4,3.8,4.8,7.0,1.0,1.2,11.6,3.0,5.6,8.0,1
2021-03-06,Burnley,Arsenal,D,1.0,1.2,10.4,3.6,4.6,6.0,1.6,1.4,11.0,3.2,5.0,6.0,1
2021-03-06,Sheffield United,Southampton,A,0.4,1.6,7.4,2.8,3.6,3.0,0.8,2.0,9.4,3.0,5.6,1.0,2
2021-03-07,Man City,Man United,A,2.6,0.6,15.6,5.8,6.2,15.0,1.4,1.0,12.2,4.8,5.2,7.0,2
2021-03-07,West Brom,Newcastle,D,0.4,0.8,7.6,2.4,3.8,5.0,1.2,2.0,13.2,5.2,4.2,4.0,1
2021-03-07,Liverpool,Fulham,A,0.8,2.0,12.2,4.4,6.6,3.0,0.8,0.4,12.4,4.0,4.4,8.0,2
2021-03-07,Tottenham,Crystal Palace,H,1.6,1.0,13.0,4.4,4.2,9.0,0.4,1.2,7.0,2.0,3.0,5.0,0
2021-03-08,West Ham,Leeds,H,1.8,0.8,10.8,5.4,4.0,10.0,1.4,1.2,13.6,5.8,5.6,6.0,0
2021-03-08,Chelsea,Everton,H,1.2,0.4,13.0,4.4,5.8,11.0,1.0,1.0,7.4,2.8,2.8,9.0,0
2021-03-10,Man City,Southampton,H,2.0,1.0,17.2,5.8,6.6,12.0,0.8,1.4,9.6,3.0,4.8,4.0,0
2021-03-12,Newcastle,Aston Villa,D,1.0,1.6,10.8,5.2,3.8,5.0,0.4,0.6,9.8,2.4,5.2,5.0,1
2021-03-13,Leeds,Chelsea,D,1.0,1.6,13.6,4.8,5.8,3.0,1.2,0.2,15.0,5.6,5.6,11.0,1
2021-03-13,Crystal Palace,West Brom,H,0.6,1.6,6.4,1.6,3.4,5.0,0.4,0.4,9.4,2.8,5.6,6.0,0
2021-03-13,Everton,Burnley,A,1.0,1.0,7.4,2.6,2.4,9.0,0.6,1.4,9.0,3.8,4.2,4.0,2
2021-03-13,Fulham,Man City,A,0.6,0.4,12.0,4.0,4.4,8.0,2.4,1.2,17.4,6.4,5.6,12.0,2
2021-03-14,Southampton,Brighton,A,1.0,2.0,10.4,3.6,5.0,4.0,0.6,1.2,16.6,4.8,7.8,2.0,2
2021-03-14,Leicester,Sheffield United,H,1.8,1.4,11.6,4.8,5.2,10.0,0.2,1.6,7.4,2.6,4.8,3.0,0
2021-03-14,Arsenal,Tottenham,H,1.6,1.2,12.2,3.2,4.6,7.0,2.0,1.2,12.8,4.2,2.8,9.0,0
2021-03-14,Man United,West Ham,H,1.2,0.4,11.0,5.0,4.6,9.0,1.6,0.6,10.0,4.4,4.6,10.0,0
2021-03-15,Wolves,Liverpool,A,1.0,1.2,11.0,3.2,4.6,8.0,0.6,1.4,13.8,4.4,7.2,3.0,2
2021-03-19,Fulham,Leeds,A,0.4,0.8,11.0,3.4,4.2,7.0,0.6,0.8,13.2,4.6,6.4,4.0,2
2021-03-20,Brighton,Newcastle,H,0.8,1.2,16.2,5.6,7.4,4.0,0.6,1.4,12.0,5.0,4.2,3.0,0
2021-03-21,West Ham,Arsenal,D,1.6,0.8,9.8,4.2,4.6,9.0,2.0,1.2,12.0,3.2,4.4,10.0,1
2021-03-21,Aston Villa,Tottenham,A,0.6,0.8,12.0,3.4,5.2,5.0,2.2,1.0,12.6,4.2,3.0,9.0,2
2021-04-03,Chelsea,West Brom,A,0.8,0.2,14.4,6.2,4.6,9.0,0.2,0.4,10.4,2.4,5.2,5.0,2
2021-04-03,Leeds,Sheffield United,H,1.0,0.8,12.2,4.0,6.0,7.0,0.2,2.0,6.0,1.6,3.6,3.0,0
2021-04-03,Leicester,Man City,A,2.2,1.2,13.2,5.6,6.6,10.0,2.8,1.2,16.0,7.2,5.4,12.0,2
2021-04-03,Arsenal,Liverpool,A,1.8,1.4,12.6,3.6,4.6,8.0,0.6,0.8,13.2,4.4,5.2,6.0,2
2021-04-04,Southampton,Burnley,H,1.0,2.2,11.4,4.2,5.2,3.0,0.8,1.4,10.2,4.2,4.0,6.0,0
2021-04-04,Newcastle,Tottenham,D,0.6,1.6,10.6,4.4,3.4,3.0,2.4,0.6,10.4,4.0,3.2,12.0,1
2021-04-04,Aston Villa,Fulham,H,0.4,0.8,11.4,3.2,4.8,5.0,0.4,1.2,10.6,3.2,5.6,4.0,0
2021-04-04,Man United,Brighton,H,1.2,0.2,12.0,4.4,4.8,11.0,1.4,1.2,13.2,5.0,6.2,6.0,0
2021-04-05,Wolves,West Ham,A,0.6,1.2,11.0,3.4,4.0,5.0,1.6,1.4,10.2,3.4,3.8,7.0,2
2021-04-05,Everton,Crystal Palace,D,1.0,0.8,9.6,3.0,3.8,9.0,0.8,1.0,5.0,1.8,2.6,8.0,1
2021-04-09,Fulham,Wolves,A,0.6,1.8,10.4,3.8,5.8,3.0,0.8,1.8,12.0,3.4,3.4,2.0,2
2021-04-10,Man City,Leeds,A,2.8,1.0,16.2,7.4,4.8,12.0,0.8,1.0,14.6,4.2,6.6,7.0,2
2021-04-10,Liverpool,Aston Villa,H,1.2,0.4,13.4,4.6,4.2,9.0,0.8,1.0,12.4,3.2,4.6,5.0,0
2021-04-10,Crystal Palace,Chelsea,A,0.6,1.0,7.0,2.6,3.4,6.0,1.0,1.0,16.2,7.2,5.4,8.0,2
2021-04-11,Burnley,Newcastle,A,1.2,2.0,10.4,5.0,4.4,5.0,0.8,1.4,13.0,4.4,4.0,4.0,2
2021-04-11,West Ham,Leicester,H,1.8,1.6,11.2,3.8,3.2,7.0,1.8,1.4,11.0,4.6,5.2,7.0,0
2021-04-11,Tottenham,Man United,A,2.0,1.0,9.4,3.6,3.2,10.0,1.0,0.2,12.0,4.4,4.6,11.0,2
2021-04-11,Sheffield United,Arsenal,A,0.4,2.2,7.0,1.4,4.2,3.0,1.8,1.8,11.8,3.8,4.6,8.0,2
2021-04-12,Brighton,Everton,D,1.4,1.2,9.2,4.6,4.8,6.0,0.8,1.0,10.8,3.2,4.0,7.0,1
2021-04-12,West Brom,Southampton,H,1.2,0.8,11.2,3.2,4.8,7.0,1.6,2.0,13.6,5.0,5.6,6.0,0
2021-04-16,Everton,Tottenham,D,0.6,1.0,11.0,3.2,3.8,5.0,2.0,1.6,10.0,3.8,4.4,7.0,1
2021-04-17,Newcastle,West Ham,H,1.0,1.4,11.2,4.0,4.0,6.0,2.2,1.6,10.2,4.0,3.0,10.0,0
2021-04-17,Wolves,Sheffield United,H,0.8,1.6,10.6,3.2,3.2,4.0,0.4,2.4,6.8,1.4,3.8,3.0,0
2021-04-18,Arsenal,Fulham,D,1.8,1.6,12.2,4.0,4.0,8.0,0.6,1.8,11.0,3.8,5.6,3.0,1
2021-04-18,Man United,Burnley,H,1.6,0.4,12.2,5.0,4.8,13.0,1.4,1.6,13.2,5.2,6.2,5.0,0
2021-04-19,Leeds,Liverpool,D,1.2,1.0,12.4,4.0,5.8,10.0,1.2,0.6,14.8,5.0,5.0,9.0,1
2021-04-20,Chelsea,Brighton,D,1.8,1.2,17.2,8.0,6.4,10.0,1.4,1.0,10.8,4.0,6.0,7.0,1
2021-04-21,Tottenham,Southampton,H,1.6,1.8,10.0,3.4,4.8,5.0,1.6,2.4,14.6,5.6,5.6,6.0,0
2021-04-21,Aston Villa,Man City,A,1.0,1.2,11.0,3.4,3.2,5.0,2.2,1.2,17.6,6.8,4.6,9.0,2
2021-04-22,Leicester,West Brom,H,2.0,1.4,12.4,5.0,6.6,7.0,1.6,0.8,13.0,4.0,4.4,7.0,0
2021-04-23,Arsenal,Everton,A,1.8,1.6,12.8,4.4,5.4,8.0,0.8,1.4,12.4,4.0,4.4,3.0,2
2021-04-24,Sheffield United,Brighton,H,0.2,2.6,6.6,1.4,4.0,0.0,1.2,0.6,11.6,4.0,5.4,8.0,0
2021-04-24,West Ham,Chelsea,A,2.2,2.2,10.2,4.2,3.4,7.0,1.6,1.2,16.4,7.8,6.0,8.0,2
2021-04-24,Liverpool,Newcastle,D,1.4,0.6,16.8,6.2,5.6,10.0,1.6,1.8,12.6,4.6,3.2,8.0,1
2021-04-25,Wolves,Burnley,A,0.8,0.8,11.4,4.0,3.4,7.0,1.4,2.0,12.8,4.4,5.8,4.0,2
2021-04-25,Leeds,Man United,D,1.4,0.8,11.4,4.6,6.6,11.0,2.2,0.6,13.4,6.6,5.2,15.0,1
2021-04-25,Aston Villa,West Brom,D,1.2,1.6,10.8,3.8,2.4,4.0,1.6,1.2,11.6,3.6,4.4,7.0,1
2021-04-26,Leicester,Crystal Palace,H,2.4,1.2,12.8,5.6,6.4,9.0,0.8,1.8,6.6,2.8,3.2,5.0,0
2021-04-30,Southampton,Leicester,D,1.4,2.8,13.6,5.6,6.0,3.0,2.4,1.2,13.8,5.8,6.6,9.0,1
2021-05-01,Chelsea,Fulham,H,1.4,1.2,16.0,7.2,5.0,8.0,0.6,2.0,9.6,3.4,5.0,1.0,0
2021-05-01,Everton,Aston Villa,A,1.0,1.0,12.6,4.0,4.4,6.0,1.4,1.8,12.6,4.8,4.2,4.0,2
2021-05-01,Crystal Palace,Man City,A,1.0,2.2,5.8,2.8,2.8,4.0,2.6,1.0,15.6,6.2,5.6,12.0,2
2021-05-01,Brighton,Leeds,H,0.8,0.6,13.4,3.6,6.8,5.0,1.4,0.8,11.2,4.4,5.4,11.0,0
2021-05-02,Newcastle,Arsenal,A,1.6,1.8,11.6,4.8,3.4,8.0,1.4,1.6,13.0,4.4,5.6,5.0,2
2021-05-02,Tottenham,Sheffield United,H,1.8,1.6,11.2,3.4,5.2,8.0,0.4,2.2,6.4,1.6,3.0,3.0,0
2021-05-03,West Brom,Wolves,D,2.0,1.6,11.0,3.8,3.4,7.0,0.8,1.6,11.8,4.0,4.4,6.0,1
2021-05-03,Burnley,West Ham,A,2.0,1.8,13.8,4.8,6.4,6.0,2.2,2.2,10.6,4.6,3.6,7.0,2
2021-05-07,Leicester,Newcastle,A,1.6,1.4,14.6,5.6,6.8,7.0,1.6,1.6,12.0,4.8,3.8,8.0,2
2021-05-08,Liverpool,Southampton,H,1.6,0.6,18.0,7.4,5.0,11.0,1.2,2.0,12.4,5.0,5.0,4.0,0
2021-05-08,Leeds,Tottenham,H,1.0,1.0,10.8,4.0,5.8,8.0,2.2,1.6,13.4,5.0,4.8,8.0,0
2021-05-08,Sheffield United,Crystal Palace,A,0.4,2.0,7.8,1.8,4.0,3.0,0.8,1.8,6.6,3.4,2.2,4.0,2
2021-05-08,Man City,Chelsea,A,2.0,0.6,16.2,4.8,5.8,12.0,1.8,1.2,14.8,6.6,4.2,10.0,2
2021-05-09,West Ham,Everton,A,2.0,1.8,12.0,4.4,3.8,9.0,1.0,1.0,13.0,3.8,3.6,6.0,2
2021-05-09,Arsenal,West Brom,H,1.2,1.0,13.6,4.0,6.0,7.0,2.2,1.6,10.6,4.4,4.0,8.0,0
2021-05-09,Wolves,Brighton,H,1.0,1.6,13.8,5.0,5.0,7.0,0.6,0.6,14.6,3.4,6.6,5.0,0
2021-05-09,Aston Villa,Man United,A,1.8,1.6,13.6,5.6,4.4,7.0,1.8,0.6,15.0,6.2,6.0,13.0,2
2021-05-10,Fulham,Burnley,A,0.6,1.8,11.0,4.0,5.8,1.0,1.8,2.0,12.6,4.4,6.6,3.0,2
2021-05-11,Man United,Leicester,A,2.2,0.8,15.6,6.8,6.0,13.0,2.0,1.8,18.6,7.0,8.4,7.0,2
2021-05-11,Southampton,Crystal Palace,H,1.0,2.0,13.0,5.4,5.0,4.0,1.0,1.8,9.6,4.2,3.8,4.0,0
2021-05-12,Chelsea,Arsenal,A,1.8,0.4,13.6,6.0,2.6,13.0,1.8,0.6,16.0,5.0,7.0,10.0,2
2021-05-13,Aston Villa,Everton,D,1.4,2.0,13.0,5.8,4.6,4.0,1.0,0.8,11.8,3.0,4.2,8.0,1
2021-05-13,Man United,Liverpool,A,2.0,1.0,13.4,5.6,5.6,10.0,1.8,0.6,18.4,7.8,6.2,11.0,2
2021-05-14,Newcastle,Man City,A,2.0,1.6,10.4,4.8,3.6,10.0,1.6,1.0,17.8,4.2,6.6,9.0,2
2021-05-15,Southampton,Fulham,H,1.0,1.8,10.8,4.8,6.2,4.0,0.4,1.8,12.6,3.4,4.8,1.0,0
2021-05-15,Brighton,West Ham,D,0.6,0.6,14.6,3.4,6.4,5.0,1.4,1.6,12.4,3.2,4.4,6.0,1
2021-05-15,Burnley,Leeds,A,1.8,1.4,14.0,4.4,6.0,6.0,1.2,1.0,9.4,3.8,6.4,8.0,2
2021-05-16,Crystal Palace,Aston Villa,H,1.0,2.2,9.2,3.8,4.6,3.0,1.2,1.6,13.8,5.2,6.4,5.0,0
2021-05-16,Tottenham,Wolves,H,2.0,1.8,13.4,4.6,5.4,7.0,1.0,1.2,13.0,5.2,6.2,10.0,0
2021-05-16,West Brom,Liverpool,A,1.4,1.8,10.2,3.2,4.6,5.0,2.0,1.0,18.6,8.0,6.6,11.0,2
2021-05-16,Everton,Sheffield United,A,1.0,0.8,13.2,3.8,3.8,8.0,0.2,2.0,7.4,1.6,3.6,3.0,2
2021-05-18,Man United,Fulham,D,1.8,1.6,14.6,4.8,5.8,7.0,0.4,1.8,11.6,2.6,5.0,1.0,1
2021-05-18,Southampton,Leeds,A,1.6,1.4,10.2,5.4,5.4,7.0,1.6,0.8,12.2,4.6,7.4,8.0,2
2021-05-18,Brighton,Man City,H,0.8,0.8,12.0,3.2,5.0,5.0,2.0,1.6,18.6,4.6,7.4,9.0,0
2021-05-18,Chelsea,Leicester,H,1.0,0.4,12.8,5.0,2.8,10.0,2.0,1.4,18.0,6.6,7.4,10.0,0
2021-05-19,Crystal Palace,Arsenal,A,1.4,1.8,13.6,5.2,6.0,6.0,1.4,0.6,14.2,4.4,6.4,10.0,2
2021-05-19,Everton,Wolves,H,0.6,0.6,12.8,3.6,4.8,7.0,0.8,1.6,14.6,5.2,6.0,7.0,0
2021-05-19,Newcastle,Sheffield United,H,2.2,2.2,10.6,4.8,3.8,7.0,0.4,1.4,8.0,1.8,4.0,6.0,0
2021-05-19,Tottenham,Aston Villa,A,2.2,1.2,15.8,6.6,6.0,10.0,1.4,1.8,16.0,5.6,7.6,5.0,2
2021-05-19,West Brom,West Ham,A,1.0,2.2,9.2,2.6,5.4,2.0,1.0,1.4,14.6,3.0,4.8,4.0,2
2021-05-19,Burnley,Liverpool,A,1.6,1.8,12.4,4.4,4.6,6.0,2.0,1.0,19.2,7.2,7.8,11.0,2
2021-05-23,Wolves,Man United,A,0.6,1.8,14.4,4.8,7.8,4.0,1.4,1.6,13.8,4.2,5.4,5.0,2
2021-05-23,Aston Villa,Chelsea,H,1.4,1.6,15.2,4.2,6.4,7.0,1.4,0.6,14.8,5.4,4.0,12.0,0
2021-05-23,Fulham,Newcastle,A,0.6,1.8,10.4,3.0,4.6,2.0,1.8,1.8,10.6,4.2,4.2,7.0,2
2021-05-23,Leeds,West Brom,H,1.8,0.6,12.8,5.0,6.4,10.0,1.2,2.2,11.2,3.2,6.0,2.0,0
2021-05-23,Arsenal,Brighton,H,1.8,0.6,11.8,4.0,5.6,12.0,1.4,1.2,13.6,4.0,5.4,7.0,0
2021-05-23,Liverpool,Crystal Palace,H,2.4,0.8,19.8,6.4,7.6,13.0,1.4,2.0,15.2,6.0,6.8,6.0,0
2021-05-23,Man City,Everton,H,2.2,1.8,14.4,4.0,6.2,9.0,0.6,0.6,14.0,4.2,5.6,7.0,0
2021-05-23,Sheffield United,Burnley,H,0.4,1.4,8.6,1.6,3.8,6.0,1.4,1.8,12.4,4.6,5.2,6.0,0
2021-05-23,West Ham,Southampton,H,1.2,1.0,15.6,3.6,4.8,7.0,1.4,1.4,11.8,5.0,5.2,7.0,0
2021-05-23,Leicester,Tottenham,A,1.6,1.8,16.0,5.8,7.0,7.0,2.0,1.2,15.4,6.8,6.2,9.0,2
2021-08-14,Watford,Aston Villa,H,1.4,2.4,12.2,3.6,3.4,6.0,1.4,1.6,13.8,3.8,5.6,7.0,0
2021-08-14,Man United,Leeds,H,1.8,1.8,12.4,4.2,4.6,7.0,2.4,0.8,15.0,6.2,7.6,12.0,0
2021-08-14,Burnley,Brighton,A,0.6,2.0,11.6,3.8,6.0,3.0,1.4,1.4,11.2,3.4,3.6,7.0,2
2021-08-14,Chelsea,Crystal Palace,H,1.4,1.0,16.0,5.6,5.4,9.0,1.4,2.0,14.4,6.0,6.6,6.0,0
2021-08-14,Everton,Southampton,H,0.4,1.2,12.4,4.2,6.0,7.0,1.2,1.8,14.2,5.4,5.8,6.0,0
2021-08-14,Leicester,Wolves,H,1.6,2.4,15.4,6.0,7.2,4.0,0.8,1.4,14.8,5.2,7.4,4.0,0
2021-08-14,Norwich,Liverpool,A,0.2,2.8,7.2,2.2,2.2,0.0,2.6,0.6,19.2,5.6,9.2,15.0,2
2021-08-15,Tottenham,Man City,H,2.4,1.4,15.2,7.0,6.6,9.0,2.8,1.6,16.0,5.6,5.4,9.0,0
2021-08-15,Newcastle,West Ham,A,2.0,1.6,11.2,4.2,4.4,9.0,1.8,0.8,16.6,4.6,4.4,10.0,2
2021-08-21,Man City,Norwich,H,2.4,1.8,15.6,5.8,6.4,6.0,0.0,3.0,7.6,2.2,2.2,0.0,0
2021-08-21,Brighton,Watford,H,1.4,1.6,10.6,4.0,4.4,7.0,1.6,2.6,13.0,4.2,3.0,6.0,0
2021-08-21,Leeds,Everton,D,2.6,1.4,14.8,6.4,6.6,12.0,0.8,1.4,13.4,4.8,6.0,7.0,1
2021-08-21,Liverpool,Burnley,H,2.8,0.6,20.2,6.0,9.8,15.0,0.6,2.0,12.8,3.8,6.4,3.0,0
2021-08-21,Aston Villa,Newcastle,H,1.6,1.6,13.8,3.2,5.4,7.0,2.4,2.0,13.6,4.6,5.2,9.0,0
2021-08-22,Southampton,Man United,D,1.4,2.0,13.0,4.8,6.6,6.0,2.2,1.8,12.0,4.4,4.4,7.0,1
2021-08-22,Wolves,Tottenham,A,0.6,1.4,14.2,3.8,7.0,3.0,1.8,1.4,13.8,5.4,6.0,9.0,2
2021-08-22,Arsenal,Chelsea,A,1.8,0.8,12.8,4.2,6.0,12.0,1.6,1.0,16.8,5.8,6.2,9.0,2
2021-08-23,West Ham,Leicester,H,2.2,1.0,13.8,5.6,4.8,10.0,1.6,2.2,12.6,5.2,6.2,6.0,0
2021-08-28,Liverpool,Chelsea,D,2.4,0.2,22.2,6.2,10.6,15.0,1.6,0.8,18.8,5.8,7.4,9.0,1
2021-08-28,West Ham,Crystal Palace,D,3.0,1.0,14.2,7.0,5.8,13.0,0.8,2.0,10.2,4.2,3.8,4.0,1
2021-08-28,Norwich,Leicester,A,0.0,3.2,5.6,1.8,2.2,0.0,1.4,2.2,8.6,3.6,4.4,6.0,2
2021-08-28,Newcastle,Southampton,D,1.6,2.0,12.6,3.6,4.8,6.0,1.0,2.0,12.0,4.2,5.6,4.0,1
2021-08-28,Man City,Arsenal,H,3.2,1.4,15.6,5.8,6.4,9.0,1.2,1.0,11.0,3.4,6.6,9.0,0
2021-08-28,Brighton,Everton,A,1.6,1.2,12.2,4.0,4.8,10.0,1.2,1.8,13.8,5.4,6.8,7.0,2
2021-08-29,Tottenham,Watford,H,1.8,0.8,13.2,6.0,5.6,12.0,1.2,2.8,11.6,3.4,3.0,3.0,0
2021-08-29,Burnley,Leeds,D,0.2,2.4,11.8,3.4,6.4,0.0,2.4,1.6,15.0,5.8,6.6,10.0,1
2021-08-29,Wolves,Man United,A,0.2,1.4,16.0,3.8,6.0,0.0,2.2,1.6,14.2,5.0,5.2,8.0,2
2021-09-11,Chelsea,Aston Villa,H,1.8,0.8,16.2,5.4,6.2,10.0,1.8,1.2,10.8,3.2,3.4,10.0,0
2021-09-11,Southampton,West Ham,D,0.8,2.2,14.2,4.0,5.2,2.0,3.2,1.2,14.0,7.2,6.2,13.0,1
2021-09-11,Watford,Wolves,A,1.0,2.4,10.6,3.2,3.0,3.0,0.2,1.2,16.0,4.4,6.4,0.0,2
2021-09-11,Man United,Newcastle,H,2.0,0.8,12.6,5.0,5.4,11.0,1.4,1.6,12.4,3.6,4.8,7.0,0
2021-09-11,Leicester,Man City,A,1.4,2.2,8.0,3.6,5.4,6.0,3.4,0.8,17.6,6.6,8.2,9.0,2
2021-09-11,Arsenal,Norwich,H,1.0,2.0,10.2,3.0,6.4,6.0,0.2,3.4,8.0,2.6,3.8,0.0,0
2021-09-11,Crystal Palace,Tottenham,H,0.6,2.0,7.4,3.0,3.0,2.0,1.6,0.8,11.4,5.0,5.6,12.0,0
2021-09-12,Leeds,Liverpool,A,1.8,1.8,14.2,5.0,6.0,8.0,2.2,0.2,21.8,6.4,10.4,13.0,2
2021-09-13,Everton,Burnley,H,1.6,1.6,13.4,5.2,5.6,10.0,0.4,1.8,11.0,3.2,6.2,1.0,0
2021-09-17,Newcastle,Leeds,D,1.4,2.4,11.6,3.2,4.4,4.0,1.4,2.4,13.0,4.4,5.4,5.0,1
2021-09-18,Aston Villa,Everton,H,1.4,1.6,10.4,3.6,4.6,7.0,2.0,1.8,13.4,5.6,5.0,10.0,0
2021-09-18,Norwich,Watford,A,0.2,3.2,8.8,2.4,3.4,0.0,1.0,2.0,11.4,3.6,4.2,3.0,2
2021-09-18,Man City,Southampton,D,3.2,0.2,21.0,7.4,9.2,12.0,0.8,1.8,12.8,4.0,5.4,3.0,1
2021-09-18,Burnley,Arsenal,A,0.6,1.8,11.2,3.6,6.2,1.0,0.6,1.8,15.0,3.8,6.6,6.0,2
2021-09-18,Liverpool,Crystal Palace,H,2.2,0.2,23.8,7.6,11.2,13.0,1.0,1.4,8.6,2.6,3.4,5.0,0
2021-09-19,Brighton,Leicester,H,1.0,1.0,10.0,3.4,5.2,9.0,1.2,2.0,7.8,3.2,5.4,6.0,0
2021-09-19,West Ham,Man United,A,2.6,1.0,12.4,6.0,5.4,11.0,2.6,0.8,14.2,5.2,5.6,13.0,2
2021-09-19,Tottenham,Chelsea,A,1.4,1.0,9.8,4.4,5.2,12.0,2.0,0.6,15.2,5.0,5.8,10.0,2
2021-09-25,Leicester,Burnley,D,1.0,1.6,8.6,2.6,5.6,6.0,0.6,1.8,12.8,3.6,6.0,1.0,1
2021-09-25,Watford,Newcastle,D,1.2,1.6,10.0,4.0,4.2,6.0,1.2,2.6,13.0,3.8,4.4,2.0,1
2021-09-25,Leeds,West Ham,A,1.0,2.4,14.0,4.4,4.8,3.0,2.2,1.4,12.2,5.4,5.4,8.0,2
2021-09-25,Brentford,Liverpool,D,1.0,0.4,9.4,2.4,2.4,8.0,2.4,0.2,25.0,8.6,10.4,13.0,1
2021-09-25,Man United,Aston Villa,A,2.6,0.8,15.8,6.4,7.4,13.0,1.6,1.4,12.2,3.6,5.2,7.0,2
2021-09-25,Chelsea,Man City,A,2.4,0.2,14.6,5.6,6.2,13.0,2.2,0.2,20.4,5.4,9.4,10.0,2
2021-09-25,Everton,Norwich,H,2.0,1.4,14.0,5.2,4.8,10.0,0.4,2.8,10.2,2.6,4.2,0.0,0
2021-09-26,Southampton,Wolves,A,0.8,1.2,11.4,3.4,5.8,4.0,0.4,1.0,16.4,4.0,5.2,3.0,2
2021-09-26,Arsenal,Tottenham,H,0.4,1.8,14.4,3.4,5.0,6.0,0.6,1.2,9.2,4.0,4.8,9.0,0
2021-09-27,Crystal Palace,Brighton,D,1.0,1.6,10.2,2.2,4.2,5.0,1.4,0.8,11.4,4.2,5.4,12.0,1
2021-10-02,Man United,Everton,D,1.6,0.8,18.2,5.6,7.4,10.0,1.8,1.2,13.4,4.8,4.8,10.0,1
2021-10-02,Burnley,Norwich,D,0.8,1.8,11.8,3.6,5.4,2.0,0.4,2.6,9.4,2.4,4.4,0.0,1
2021-10-02,Chelsea,Southampton,H,1.8,0.4,13.0,4.4,6.0,10.0,0.6,0.8,13.8,4.0,5.2,4.0,0
2021-10-02,Leeds,Watford,H,1.0,1.8,15.0,4.8,5.0,3.0,0.8,1.4,10.4,3.4,4.8,4.0,0
2021-10-02,Wolves,Newcastle,H,0.6,0.8,14.0,4.0,5.4,6.0,1.0,2.0,13.6,4.4,4.2,3.0,0
2021-10-02,Brighton,Arsenal,D,1.2,0.8,10.2,3.4,5.2,10.0,1.0,1.6,12.4,4.0,4.8,9.0,1
2021-10-03,Liverpool,Man City,D,2.4,0.8,24.4,8.2,10.4,11.0,2.4,0.0,19.8,5.4,9.8,13.0,1
2021-10-03,West Ham,Brentford,A,1.8,1.2,14.6,5.0,5.6,8.0,1.2,1.0,10.2,2.6,2.4,6.0,2
2021-10-03,Crystal Palace,Leicester,D,1.2,1.2,11.0,2.6,5.0,6.0,1.2,2.0,11.2,2.6,6.2,4.0,1
2021-10-03,Tottenham,Aston Villa,H,0.6,1.8,8.6,4.2,5.0,6.0,1.4,0.8,11.4,3.8,5.4,10.0,0
2021-10-16,Watford,Liverpool,A,0.8,1.2,9.4,3.4,5.0,4.0,2.4,1.2,20.2,7.2,9.4,9.0,2
2021-10-16,Aston Villa,Wolves,A,1.2,1.2,12.2,4.0,6.4,7.0,1.0,0.8,10.4,3.4,4.4,9.0,2
2021-10-16,Leicester,Man United,H,1.4,1.6,12.0,3.4,6.8,5.0,1.6,0.8,17.8,6.0,8.0,10.0,0
2021-10-16,Man City,Burnley,H,1.8,0.4,19.0,5.2,9.4,11.0,0.8,1.4,12.8,3.8,6.4,3.0,0
2021-10-16,Norwich,Brighton,D,0.4,1.6,11.2,2.8,5.2,1.0,0.8,0.8,11.8,3.2,5.4,8.0,1
2021-10-16,Southampton,Leeds,H,0.6,1.2,13.4,3.8,4.2,3.0,0.8,1.4,15.6,4.8,4.6,5.0,0
2021-10-16,Brentford,Chelsea,A,1.6,1.2,10.0,3.2,2.6,8.0,2.0,0.6,12.6,5.2,5.8,10.0,2
2021-10-17,Newcastle,Tottenham,A,1.2,2.0,13.4,4.6,4.2,3.0,0.8,2.0,10.4,4.6,5.2,6.0,2
2021-10-17,Everton,West Ham,A,1.6,1.0,12.4,3.6,4.0,10.0,1.2,1.4,15.6,4.6,5.8,5.0,2
2021-10-18,Arsenal,Crystal Palace,D,1.0,1.2,12.8,3.8,4.0,10.0,1.6,1.6,13.2,3.0,4.6,6.0,1
2021-10-22,Arsenal,Aston Villa,H,1.4,0.6,16.0,5.0,5.2,11.0,1.4,1.6,13.6,4.0,7.0,6.0,0
2021-10-23,Brighton,Man City,A,0.8,0.4,11.2,3.2,5.4,9.0,1.2,0.4,17.0,4.4,7.8,11.0,2
2021-10-23,Southampton,Burnley,D,0.4,0.8,12.8,3.6,5.0,5.0,0.6,1.6,11.8,3.6,5.8,2.0,1
2021-10-23,Leeds,Wolves,D,0.6,1.4,13.8,4.4,3.8,4.0,1.6,1.0,9.2,3.0,4.8,12.0,1
2021-10-23,Crystal Palace,Newcastle,D,1.6,1.6,13.2,3.8,4.8,6.0,1.2,2.2,12.8,3.8,3.8,2.0,1
2021-10-23,Chelsea,Norwich,H,2.0,0.4,12.4,4.8,6.2,12.0,0.2,1.2,11.4,2.6,5.0,2.0,0
2021-10-23,Everton,Watford,A,1.2,1.2,12.6,3.0,4.4,7.0,0.8,2.0,8.8,3.4,4.6,4.0,2
2021-10-24,Brentford,Leicester,A,1.4,1.2,11.6,4.2,3.2,7.0,1.8,1.8,14.6,5.0,5.8,5.0,2
2021-10-24,West Ham,Tottenham,H,1.0,1.0,16.0,4.6,6.6,7.0,1.2,2.4,10.2,3.8,5.0,6.0,0
2021-10-24,Man United,Liverpool,A,1.8,1.6,19.4,6.6,7.2,7.0,3.2,1.0,19.2,7.4,8.8,11.0,2
2021-10-30,Watford,Southampton,A,1.8,2.0,11.6,4.6,4.4,7.0,0.8,1.2,13.8,3.8,5.2,5.0,2
2021-10-30,Tottenham,Man United,A,1.2,2.0,11.2,4.4,5.4,6.0,1.0,2.4,17.6,6.0,7.0,4.0,2
2021-10-30,Newcastle,Chelsea,A,1.2,1.6,11.6,3.6,4.6,3.0,2.8,0.4,14.6,6.6,6.4,12.0,2
2021-10-30,Man City,Crystal Palace,A,1.8,0.6,16.6,5.6,7.4,11.0,1.2,1.8,12.6,3.6,3.8,4.0,2
2021-10-30,Liverpool,Brighton,D,3.6,1.0,17.0,7.2,7.2,11.0,0.8,1.2,12.4,3.8,5.6,6.0,1
2021-10-30,Burnley,Brentford,H,0.8,1.4,11.4,3.4,5.0,3.0,1.6,1.4,13.2,5.0,4.8,7.0,0
2021-10-30,Leicester,Arsenal,A,2.2,1.8,15.4,6.0,5.2,8.0,1.8,0.8,14.4,5.4,5.0,11.0,2
2021-10-31,Norwich,Leeds,A,0.2,2.4,10.0,2.6,4.2,2.0,0.8,1.0,15.6,4.4,4.6,5.0,2
2021-10-31,Aston Villa,West Ham,A,1.6,1.6,12.0,3.6,5.6,6.0,1.2,1.0,16.0,4.8,6.2,9.0,2
2021-11-01,Wolves,Everton,H,1.4,1.2,8.0,2.8,3.8,10.0,1.0,2.0,12.8,2.6,4.2,4.0,0
2021-11-05,Southampton,Aston Villa,H,1.0,1.2,14.2,3.6,5.8,7.0,1.2,2.4,10.8,3.6,5.2,3.0,0
2021-11-06,Chelsea,Burnley,D,2.8,0.4,14.4,5.8,4.6,12.0,1.4,1.4,10.8,4.0,4.2,6.0,1
2021-11-06,Brentford,Norwich,A,1.4,2.0,13.8,5.4,4.8,4.0,0.2,2.2,10.4,2.2,4.4,2.0,2
2021-11-06,Crystal Palace,Wolves,H,1.6,1.2,11.6,3.8,3.0,7.0,1.8,1.0,7.8,3.6,3.8,13.0,0
2021-11-06,Brighton,Newcastle,D,0.8,1.4,11.8,4.0,5.4,4.0,1.0,2.0,9.4,2.4,3.8,2.0,1
2021-11-06,Man United,Man City,A,1.2,2.2,16.2,4.8,5.2,4.0,1.8,1.0,15.8,6.0,7.2,10.0,2
2021-11-07,West Ham,Liverpool,H,1.8,0.8,17.6,5.8,7.0,12.0,3.4,1.4,14.8,5.8,6.2,9.0,0
2021-11-07,Leeds,Leicester,D,1.0,1.0,13.8,3.8,3.6,7.0,2.0,1.8,15.8,7.0,4.8,8.0,1
2021-11-07,Arsenal,Watford,H,2.0,0.8,13.6,5.8,5.6,11.0,1.2,2.0,11.2,3.8,3.8,4.0,0
2021-11-07,Everton,Tottenham,D,1.2,1.8,13.4,3.4,4.0,4.0,1.2,2.0,11.4,4.0,6.4,6.0,1
2021-11-20,Wolves,West Ham,H,1.6,1.4,7.6,3.4,4.0,10.0,2.0,1.0,15.0,5.0,6.2,12.0,0
2021-11-20,Leicester,Chelsea,A,1.8,1.6,13.2,6.6,4.2,8.0,3.0,0.4,18.4,6.6,6.6,13.0,2
2021-11-20,Aston Villa,Brighton,H,1.0,2.6,12.2,3.6,5.8,0.0,0.8,1.4,13.0,4.2,4.8,4.0,0
2021-11-20,Burnley,Crystal Palace,D,1.2,1.2,10.0,3.8,3.8,6.0,1.8,1.0,12.6,4.4,2.6,9.0,1
2021-11-20,Newcastle,Brentford,D,1.0,2.0,6.6,1.4,3.6,2.0,1.0,1.8,15.2,6.0,5.6,3.0,1
2021-11-20,Norwich,Southampton,H,0.6,2.0,10.2,2.8,4.0,5.0,1.2,1.0,12.4,3.0,6.8,10.0,0
2021-11-20,Watford,Man United,H,1.0,2.0,9.6,3.2,3.2,3.0,1.2,2.4,11.6,4.2,4.4,4.0,0
2021-11-20,Liverpool,Arsenal,H,3.2,1.4,14.8,5.6,4.4,8.0,1.6,0.6,14.0,5.6,5.6,11.0,0
2021-11-21,Man City,Everton,H,2.0,1.0,16.0,6.2,6.4,10.0,0.8,1.8,13.6,3.0,3.6,2.0,0
2021-11-21,Tottenham,Leeds,H,1.0,1.4,11.0,3.2,6.0,7.0,1.0,0.8,14.4,3.8,4.6,8.0,0
2021-11-27,Liverpool,Southampton,H,3.6,1.0,17.4,6.6,5.0,10.0,1.2,0.8,14.6,3.6,7.8,10.0,0
2021-11-27,Crystal Palace,Aston Villa,A,2.0,1.2,12.6,5.2,3.6,9.0,1.2,2.2,11.2,4.0,5.2,3.0,2
2021-11-27,Brighton,Leeds,D,0.8,1.8,10.0,4.2,4.6,3.0,1.0,1.2,14.0,4.4,5.0,5.0,1
2021-11-27,Norwich,Wolves,D,1.0,2.2,9.8,3.2,4.0,7.0,1.4,1.2,9.2,3.8,5.4,10.0,1
2021-11-27,Arsenal,Newcastle,H,1.6,1.4,13.4,5.8,4.8,10.0,1.4,2.2,9.6,2.8,4.4,3.0,0
2021-11-28,Leicester,Watford,H,1.4,1.8,12.2,6.2,4.2,7.0,1.8,2.0,12.6,4.4,4.4,6.0,0
2021-11-28,Chelsea,Man United,D,3.0,0.2,17.6,6.2,6.2,13.0,1.2,3.0,10.8,3.6,3.0,3.0,1
2021-11-28,Man City,West Ham,H,2.2,0.6,17.0,7.0,7.0,12.0,1.8,0.8,13.0,4.6,4.6,12.0,0
2021-11-28,Brentford,Everton,H,1.2,2.2,14.6,5.6,4.8,1.0,0.6,2.2,12.0,2.8,3.6,1.0,0
2021-11-30,Newcastle,Norwich,D,1.0,2.0,10.0,3.6,4.8,3.0,1.0,2.2,9.6,3.4,3.2,7.0,1
2021-11-30,Leeds,Crystal Palace,H,1.0,1.0,15.6,5.2,5.0,6.0,1.8,1.2,12.4,4.6,4.2,8.0,0
2021-12-01,Southampton,Leicester,D,1.0,1.6,12.2,3.2,7.6,7.0,1.4,1.8,11.4,5.6,5.0,7.0,1
2021-12-01,Watford,Chelsea,A,2.2,1.8,14.6,5.0,5.4,6.0,3.0,0.4,21.4,7.2,8.2,11.0,2
2021-12-01,West Ham,Brighton,D,1.8,1.2,10.8,4.4,3.6,9.0,0.8,1.8,11.8,4.4,5.0,3.0,1
2021-12-01,Wolves,Burnley,D,0.8,0.8,8.4,3.4,4.6,8.0,1.8,1.8,10.2,4.8,2.6,6.0,1
2021-12-01,Aston Villa,Man City,A,1.2,1.8,10.4,3.6,4.6,6.0,2.2,0.8,17.8,7.6,7.4,12.0,2
2021-12-01,Everton,Liverpool,A,0.6,2.2,11.8,3.4,2.8,1.0,3.4,1.0,17.6,6.2,4.2,10.0,2
2021-12-02,Man United,Arsenal,H,1.0,2.4,7.8,2.8,2.8,4.0,1.6,1.0,14.8,5.8,4.4,12.0,0
2021-12-02,Tottenham,Brentford,H,1.0,1.4,10.2,2.4,5.8,7.0,1.4,2.0,12.4,5.0,4.4,4.0,0
2021-12-04,Watford,Man City,A,1.4,1.8,13.2,4.6,5.6,3.0,1.8,0.8,16.6,6.2,8.4,12.0,2
2021-12-04,Wolves,Liverpool,A,0.6,0.6,10.0,3.0,5.0,8.0,3.2,1.2,17.0,6.0,5.8,10.0,2
2021-12-04,Southampton,Brighton,D,1.0,1.6,12.0,3.8,6.8,7.0,0.8,1.2,11.6,4.0,4.6,4.0,1
2021-12-04,Newcastle,Burnley,H,1.0,2.0,10.6,3.4,3.8,3.0,1.8,1.4,10.0,4.6,3.2,7.0,0
2021-12-04,West Ham,Chelsea,H,1.8,1.4,11.0,4.8,5.0,7.0,2.0,0.6,18.4,5.4,7.2,11.0,0
2021-12-05,Tottenham,Norwich,H,0.8,1.0,9.6,2.8,6.2,7.0,1.2,1.0,12.2,4.4,4.2,8.0,0
2021-12-05,Leeds,Brentford,D,1.0,0.8,15.0,5.0,5.2,8.0,1.2,2.0,10.6,4.4,3.6,4.0,1
2021-12-05,Man United,Crystal Palace,H,1.6,1.8,8.2,4.0,2.2,7.0,1.6,1.2,11.2,4.2,4.4,7.0,0
2021-12-05,Aston Villa,Leicester,H,1.2,1.6,10.2,3.4,4.6,6.0,1.4,2.0,12.4,5.6,5.4,5.0,0
2021-12-06,Everton,Arsenal,H,0.4,2.0,10.4,3.0,2.8,1.0,1.4,1.4,13.8,5.6,4.6,9.0,0
2021-12-10,Brentford,Watford,H,1.4,1.8,10.0,4.0,3.4,5.0,1.6,2.2,13.4,4.6,5.6,3.0,0
2021-12-11,Norwich,Man United,A,1.0,1.2,11.4,4.0,4.0,8.0,1.2,1.8,9.4,3.8,3.6,7.0,2
2021-12-11,Liverpool,Aston Villa,H,3.0,0.8,17.6,6.4,6.4,12.0,1.4,1.0,11.0,3.6,4.6,9.0,0
2021-12-11,Chelsea,Leeds,H,1.8,1.2,18.4,5.6,8.6,8.0,1.0,1.0,15.0,5.0,6.2,6.0,0
2021-12-11,Arsenal,Southampton,H,1.2,1.8,14.0,5.2,4.0,6.0,1.0,1.8,12.4,4.4,6.4,5.0,0
2021-12-11,Man City,Wolves,H,2.4,0.6,19.0,8.2,9.2,15.0,0.2,0.6,8.6,2.4,4.6,5.0,0
2021-12-12,Burnley,West Ham,D,1.4,1.2,10.2,3.8,3.4,6.0,1.6,1.6,9.0,4.0,4.0,7.0,1
2021-12-12,Leicester,Newcastle,H,1.6,2.0,11.6,5.0,5.2,5.0,1.2,1.4,13.2,4.0,5.8,6.0,0
2021-12-12,Crystal Palace,Everton,H,1.2,1.4,11.2,4.0,5.4,4.0,0.6,1.8,9.8,3.0,2.8,4.0,0
2021-12-14,Norwich,Aston Villa,A,0.6,1.2,11.8,4.0,5.2,5.0,1.4,1.0,9.0,3.0,3.6,9.0,2
2021-12-14,Man City,Leeds,H,2.2,0.6,20.6,9.2,10.2,15.0,1.2,1.4,13.8,5.0,4.6,5.0,0
2021-12-15,Arsenal,West Ham,H,1.6,1.8,14.2,5.0,5.0,6.0,1.0,1.2,10.8,4.0,4.2,5.0,0
2021-12-15,Crystal Palace,Southampton,D,1.4,1.6,12.0,4.0,6.2,4.0,0.8,2.4,12.8,5.0,6.0,2.0,1
2021-12-15,Brighton,Wolves,A,0.6,1.0,12.6,3.6,4.4,4.0,0.2,0.4,8.2,2.2,3.6,5.0,2
2021-12-16,Chelsea,Everton,D,2.2,1.4,16.6,6.0,6.8,10.0,0.8,2.4,9.8,3.8,2.4,3.0,1
2021-12-16,Liverpool,Newcastle,H,2.8,0.2,18.4,6.4,8.2,15.0,1.0,2.0,14.4,4.4,6.0,5.0,0
2021-12-18,Leeds,Arsenal,A,1.0,2.4,11.4,4.2,3.4,5.0,2.0,1.0,17.4,6.0,5.8,9.0,2
2021-12-19,Tottenham,Liverpool,D,1.4,0.8,11.6,3.4,6.6,10.0,2.6,0.4,19.2,6.2,9.2,15.0,1
2021-12-19,Newcastle,Man City,A,0.6,2.0,10.6,3.0,4.4,4.0,3.0,0.6,23.4,10.8,10.0,15.0,2
2021-12-19,Wolves,Chelsea,D,0.2,0.4,6.8,2.2,3.0,5.0,1.8,1.6,18.0,6.6,7.2,8.0,1
2021-12-26,Tottenham,Crystal Palace,H,1.8,0.6,11.8,4.4,5.8,11.0,1.2,1.4,10.2,3.6,5.8,4.0,0
2021-12-26,Norwich,Arsenal,A,0.2,1.4,11.6,3.8,5.6,2.0,2.4,1.2,16.8,7.2,5.8,9.0,2
2021-12-26,Brighton,Brentford,H,0.4,1.0,12.2,3.0,5.4,3.0,1.6,1.6,9.0,3.6,3.8,8.0,0
2021-12-26,West Ham,Southampton,A,1.0,1.4,10.6,3.6,4.0,5.0,1.0,2.4,12.4,4.8,5.8,3.0,2
2021-12-26,Man City,Leicester,H,3.4,0.4,23.2,10.4,9.6,15.0,2.2,1.8,11.4,5.4,5.0,7.0,0
2021-12-26,Aston Villa,Chelsea,A,1.4,1.0,10.6,3.2,4.6,9.0,1.6,1.4,14.8,5.6,6.0,8.0,2
2021-12-27,Newcastle,Man United,D,0.6,2.4,9.8,2.2,4.2,4.0,1.4,1.4,11.0,4.6,4.6,10.0,1
2021-12-28,Watford,West Ham,A,1.8,2.4,13.2,4.8,5.6,3.0,1.2,1.6,11.8,4.0,5.2,5.0,2
2021-12-28,Southampton,Tottenham,D,1.6,2.0,13.2,5.4,4.8,6.0,2.4,0.6,13.6,5.6,6.2,13.0,1
2021-12-28,Leicester,Liverpool,H,2.8,2.4,13.4,6.4,5.2,7.0,2.2,0.8,18.8,6.2,9.0,13.0,0
2021-12-28,Crystal Palace,Norwich,H,1.0,1.6,9.4,3.0,4.8,4.0,0.2,2.4,9.6,3.4,5.4,1.0,0
2021-12-29,Chelsea,Brighton,D,1.8,1.4,15.2,5.6,7.0,8.0,0.8,0.6,14.0,3.6,5.2,6.0,1
2021-12-29,Brentford,Man City,A,1.0,1.4,10.2,4.0,5.2,7.0,4.2,0.8,23.2,10.8,10.2,15.0,2
2021-12-30,Man United,Burnley,H,1.4,0.8,11.8,4.8,4.8,11.0,0.8,1.0,9.0,2.8,3.8,4.0,0
2022-01-01,Crystal Palace,West Ham,A,1.6,1.4,11.4,4.0,5.6,7.0,1.8,1.6,11.6,4.0,4.4,7.0,2
2022-01-01,Watford,Tottenham,A,1.2,3.0,12.0,4.4,4.6,0.0,2.2,0.6,15.2,7.0,6.8,11.0,2
2022-01-01,Arsenal,Man City,A,3.0,0.6,16.6,6.8,5.2,12.0,3.8,0.6,20.4,8.8,9.0,15.0,2
2022-01-02,Brentford,Aston Villa,H,0.8,1.6,10.2,3.6,5.2,4.0,1.2,1.4,10.2,2.8,4.4,6.0,0
2022-01-02,Leeds,Burnley,H,1.2,3.2,11.0,3.8,3.4,4.0,0.8,1.4,10.0,3.0,4.4,3.0,0
2022-01-02,Everton,Brighton,A,1.0,2.0,10.0,4.2,2.4,4.0,1.0,0.8,13.6,4.0,5.6,6.0,2
2022-01-02,Chelsea,Liverpool,D,1.6,1.0,13.6,5.2,7.2,9.0,1.4,0.8,19.8,5.6,9.2,10.0,1
2022-01-03,Man United,Wolves,A,1.8,0.8,14.8,5.6,5.8,13.0,0.2,0.4,6.6,2.0,3.2,5.0,2
2022-01-11,Southampton,Brentford,H,1.4,1.8,12.0,4.4,5.0,6.0,1.2,1.4,11.0,4.0,4.8,7.0,0
2022-01-12,West Ham,Norwich,H,1.8,1.6,11.4,4.0,4.4,7.0,0.0,2.8,8.8,2.8,6.0,0.0,0
2022-01-14,Brighton,Crystal Palace,D,1.4,1.0,14.2,4.4,5.6,8.0,2.0,1.8,14.2,4.8,6.2,7.0,1
2022-01-15,Aston Villa,Man United,D,1.2,1.4,11.6,3.2,5.0,6.0,1.2,0.6,13.8,4.0,5.8,10.0,1
2022-01-15,Norwich,Everton,H,0.0,2.6,8.2,3.2,5.6,0.0,1.4,2.4,10.6,4.4,3.4,4.0,0
2022-01-15,Wolves,Southampton,H,0.4,0.4,7.2,2.8,3.8,7.0,2.0,1.8,11.6,4.8,4.8,8.0,0
2022-01-15,Man City,Chelsea,H,4.0,0.8,18.6,7.2,7.2,15.0,1.4,1.0,13.4,5.2,7.4,7.0,0
2022-01-15,Newcastle,Watford,D,0.6,2.4,10.6,3.6,4.2,4.0,0.8,2.4,10.0,4.2,4.0,0.0,1
2022-01-16,Liverpool,Brentford,H,1.6,1.2,18.4,5.8,9.0,8.0,1.0,1.8,10.2,4.2,5.0,6.0,0
2022-01-16,West Ham,Leeds,A,2.2,1.6,10.8,4.4,5.8,9.0,1.6,3.4,12.4,4.6,3.8,4.0,2
2022-01-18,Brighton,Chelsea,D,1.4,1.0,15.2,4.4,7.0,8.0,1.2,1.0,9.6,3.4,6.2,6.0,1
2022-01-19,Leicester,Tottenham,A,2.2,2.0,11.0,5.0,3.8,7.0,2.0,0.6,17.2,7.6,6.0,11.0,2
2022-01-19,Brentford,Man United,A,0.6,2.2,8.6,3.4,3.4,3.0,1.4,1.0,13.2,4.6,5.2,8.0,2
2022-01-21,Watford,Norwich,A,0.8,2.2,11.0,4.0,4.0,1.0,0.4,2.6,8.8,2.8,5.6,3.0,2
2022-01-22,Southampton,Man City,D,2.2,1.8,12.0,5.6,5.2,8.0,2.8,0.8,14.6,5.4,7.8,15.0,1
2022-01-22,Leeds,Newcastle,A,1.8,3.4,13.4,4.4,3.4,6.0,0.6,2.6,9.2,3.0,3.0,2.0,2
2022-01-22,Man United,West Ham,H,1.8,1.2,13.2,4.6,5.8,8.0,2.6,1.8,12.4,5.2,6.2,9.0,0
2022-01-22,Everton,Aston Villa,A,1.4,2.0,11.4,5.0,4.4,4.0,1.2,1.6,11.6,4.2,5.0,4.0,2
2022-01-22,Brentford,Wolves,A,0.8,2.4,9.0,3.8,2.8,3.0,1.0,0.4,8.4,3.6,3.8,10.0,2
2022-01-23,Arsenal,Burnley,D,3.0,0.6,16.0,6.6,5.6,12.0,0.4,1.4,8.6,1.6,4.4,2.0,1
2022-01-23,Crystal Palace,Liverpool,A,1.6,1.8,11.4,3.8,4.6,5.0,2.0,1.2,19.8,7.4,8.6,8.0,2
2022-01-23,Leicester,Brighton,D,2.2,2.2,10.8,4.6,3.6,6.0,1.6,1.0,14.8,4.4,6.6,9.0,1
2022-01-23,Chelsea,Tottenham,H,1.4,1.2,11.0,3.8,5.8,6.0,2.0,1.0,19.2,8.2,6.4,11.0,0
2022-02-05,Burnley,Watford,D,0.4,1.4,9.4,1.6,4.2,2.0,0.6,2.2,11.8,4.0,4.0,1.0,1
2022-02-08,West Ham,Watford,H,2.2,1.4,11.4,4.4,4.8,9.0,0.4,1.8,12.8,4.6,5.0,2.0,0
2022-02-08,Newcastle,Everton,H,0.8,1.8,9.8,3.0,3.2,5.0,1.0,2.0,12.2,4.2,5.6,1.0,0
2022-02-08,Burnley,Man United,D,0.4,1.2,10.0,1.8,4.4,3.0,1.8,1.0,14.2,4.4,5.6,10.0,1
2022-02-09,Aston Villa,Leeds,D,1.4,1.4,12.4,4.8,4.8,7.0,1.4,3.0,13.6,4.2,4.2,6.0,1
2022-02-09,Tottenham,Southampton,A,1.6,1.0,18.4,7.8,5.8,10.0,2.0,1.6,10.4,5.4,4.4,8.0,2
2022-02-09,Man City,Brentford,H,2.2,1.0,15.0,5.0,8.8,13.0,1.0,2.6,10.0,3.6,3.4,3.0,0
2022-02-09,Norwich,Crystal Palace,D,1.0,2.2,8.8,2.6,4.4,6.0,1.4,2.0,11.2,3.6,4.2,4.0,1
2022-02-10,Liverpool,Leicester,H,2.0,1.2,18.2,7.2,7.4,8.0,2.2,2.0,11.4,4.6,3.2,7.0,0
2022-02-10,Wolves,Arsenal,A,1.4,0.4,9.4,3.8,4.2,13.0,2.4,0.6,17.0,6.6,6.2,10.0,2
2022-02-12,Watford,Brighton,A,0.2,1.2,11.2,3.8,5.4,2.0,1.4,1.2,14.6,4.4,6.4,7.0,2
2022-02-12,Everton,Leeds,H,1.0,2.0,12.0,3.6,5.6,1.0,2.0,2.2,15.6,5.2,6.0,7.0,0
2022-02-12,Norwich,Man City,A,1.2,1.4,9.0,2.4,4.6,7.0,1.4,0.4,14.6,4.6,7.8,13.0,2
2022-02-12,Man United,Southampton,D,1.4,1.0,15.0,4.2,6.2,8.0,2.0,1.6,12.8,6.2,5.6,8.0,1
2022-02-12,Brentford,Crystal Palace,D,0.6,2.8,9.2,3.2,3.4,0.0,1.6,1.6,13.0,4.6,5.0,5.0,1
2022-02-13,Leicester,West Ham,D,1.4,2.4,10.8,3.8,3.6,4.0,1.6,1.2,10.6,3.8,4.8,9.0,1
2022-02-13,Tottenham,Wolves,A,1.4,1.6,16.6,7.2,5.4,7.0,1.2,0.6,10.8,3.6,4.8,10.0,2
2022-02-13,Newcastle,Aston Villa,H,1.2,1.4,13.0,4.4,4.4,8.0,1.6,2.0,11.4,4.4,4.0,5.0,0
2022-02-13,Burnley,Liverpool,A,0.6,1.4,10.0,2.2,3.6,3.0,2.0,0.8,19.0,8.2,8.0,10.0,2
2022-02-15,Man United,Brighton,H,1.6,1.0,15.6,5.4,5.8,9.0,1.6,1.0,13.2,4.4,5.8,9.0,0
2022-02-19,Man City,Tottenham,A,2.0,0.4,16.6,5.8,9.2,13.0,1.2,1.8,15.8,6.4,5.4,6.0,2
2022-02-19,Liverpool,Norwich,H,2.2,0.6,17.2,8.2,7.2,13.0,1.2,1.6,8.2,2.4,3.8,7.0,0
2022-02-19,Crystal Palace,Chelsea,A,1.0,1.6,10.4,4.0,5.2,3.0,1.2,1.0,12.0,4.4,6.8,6.0,2
2022-02-19,Southampton,Everton,H,2.0,1.6,13.6,6.6,5.8,8.0,1.4,1.8,15.2,5.0,6.4,3.0,0
2022-02-19,Aston Villa,Watford,A,1.4,1.6,12.0,4.4,4.8,5.0,0.2,1.4,11.8,3.2,5.6,2.0,2
2022-02-19,Arsenal,Brentford,H,2.2,0.6,15.2,5.4,6.0,10.0,0.4,2.0,10.0,2.8,3.6,1.0,0
2022-02-19,West Ham,Newcastle,D,1.4,1.2,10.2,3.4,5.4,7.0,1.4,0.6,14.0,4.6,4.4,11.0,1
2022-02-19,Brighton,Burnley,A,1.0,1.0,12.8,4.0,5.2,6.0,0.4,1.0,9.6,2.6,3.6,3.0,2
2022-02-20,Leeds,Man United,A,1.8,2.0,15.2,4.8,6.4,7.0,1.6,0.6,16.8,5.6,6.6,11.0,2
2022-02-20,Wolves,Leicester,H,1.6,0.6,12.2,4.8,4.6,12.0,1.2,1.6,10.6,2.6,3.8,5.0,0
2022-02-23,Burnley,Tottenham,H,0.8,0.4,10.0,3.0,3.8,6.0,1.6,2.2,12.8,5.6,4.0,6.0,0
2022-02-23,Watford,Crystal Palace,A,0.2,1.2,9.8,3.0,5.4,4.0,0.6,1.2,7.4,2.8,4.2,3.0,2
2022-02-23,Liverpool,Leeds,H,2.4,0.4,21.0,8.6,7.6,15.0,1.6,2.6,14.0,4.6,5.2,4.0,0
2022-02-24,Arsenal,Wolves,H,1.8,0.6,15.8,4.6,8.0,10.0,1.8,0.8,10.6,4.2,4.4,12.0,0
2022-02-25,Southampton,Norwich,H,1.6,1.4,15.0,7.6,5.6,8.0,1.4,1.8,8.0,2.0,4.2,7.0,0
2022-02-26,Everton,Man City,A,1.0,1.6,13.6,3.8,5.6,3.0,2.0,0.8,17.8,6.2,10.2,10.0,2
2022-02-26,Brighton,Aston Villa,A,0.8,1.4,11.2,3.4,4.2,5.0,1.2,1.4,12.8,3.6,5.4,5.0,2
2022-02-26,Man United,Watford,D,1.8,0.8,17.2,6.4,5.4,11.0,0.4,1.4,8.4,2.4,5.6,4.0,1
2022-02-26,Brentford,Newcastle,A,0.6,1.8,10.0,3.0,3.6,1.0,1.4,0.6,14.2,3.6,5.4,11.0,2
2022-02-26,Leeds,Tottenham,A,1.0,3.4,11.0,4.0,4.6,1.0,1.0,2.0,9.8,4.0,3.8,3.0,2
2022-02-26,Crystal Palace,Burnley,D,1.2,1.2,8.2,3.6,5.0,5.0,1.0,0.4,11.0,3.6,3.6,8.0,1
2022-02-27,West Ham,Wolves,H,1.2,1.4,9.8,3.0,3.8,5.0,1.4,1.0,10.0,3.6,4.8,9.0,0
2022-03-01,Burnley,Leicester,A,1.2,0.6,9.4,3.4,3.6,8.0,1.2,2.0,12.8,3.8,5.6,2.0,2
2022-03-05,Wolves,Crystal Palace,A,1.0,1.0,11.4,3.4,5.2,6.0,1.2,0.8,8.8,3.4,5.6,6.0,2
2022-03-05,Liverpool,West Ham,H,3.0,0.4,20.2,9.0,6.6,15.0,1.0,0.8,9.4,2.8,3.6,8.0,0
2022-03-05,Newcastle,Brighton,H,1.6,0.4,17.0,5.6,5.8,13.0,0.6,1.6,11.6,3.2,4.6,4.0,0
2022-03-05,Norwich,Brentford,A,1.0,2.0,6.8,1.6,3.8,4.0,0.4,1.6,7.6,1.6,3.6,1.0,2
2022-03-05,Aston Villa,Southampton,H,1.2,1.0,12.0,2.6,5.2,7.0,1.8,0.8,17.8,7.4,6.2,11.0,0
2022-03-05,Leicester,Leeds,H,1.2,1.4,14.4,4.2,6.6,5.0,1.0,4.0,12.2,3.8,4.0,1.0,0
2022-03-05,Burnley,Chelsea,A,1.0,0.8,9.4,3.2,4.4,7.0,1.2,0.8,11.6,4.0,5.6,8.0,2
2022-03-06,Watford,Arsenal,A,0.4,1.4,8.2,1.8,4.8,4.0,1.2,0.8,17.8,4.4,8.0,10.0,2
2022-03-06,Man City,Man United,H,2.0,0.8,18.2,6.6,9.2,10.0,1.6,0.8,18.0,6.4,5.6,9.0,0
2022-03-07,Tottenham,Everton,H,1.8,1.6,11.6,5.6,4.4,6.0,0.8,1.4,12.4,3.2,4.6,3.0,0
2022-03-10,Wolves,Watford,H,1.0,1.2,10.8,3.6,5.2,6.0,0.8,1.8,9.6,3.0,3.8,4.0,0
2022-03-10,Norwich,Chelsea,A,0.6,2.6,8.4,2.6,4.6,1.0,1.6,0.4,10.8,3.8,4.8,10.0,2
2022-03-10,Southampton,Newcastle,A,1.6,1.4,18.6,7.0,7.2,10.0,1.8,0.6,16.0,5.8,5.2,13.0,2
2022-03-10,Leeds,Aston Villa,A,0.4,3.6,12.8,3.0,3.8,0.0,1.8,1.0,13.2,3.8,5.6,7.0,2
2022-03-12,Brentford,Burnley,H,0.8,1.4,7.4,2.6,3.4,4.0,1.0,1.4,9.0,2.4,4.4,7.0,0
2022-03-12,Brighton,Liverpool,A,0.6,1.8,11.8,3.0,5.0,3.0,2.6,0.2,21.6,8.6,6.4,15.0,2
2022-03-12,Man United,Tottenham,H,1.6,1.4,14.6,5.8,4.2,8.0,2.4,1.0,12.8,6.4,5.0,9.0,0
2022-03-13,Arsenal,Leicester,H,1.6,0.8,19.6,4.8,8.0,13.0,1.2,1.2,12.8,4.0,6.8,7.0,0
2022-03-13,Southampton,Watford,A,1.2,1.4,16.8,6.0,8.0,7.0,0.8,2.2,9.6,2.8,3.4,4.0,2
2022-03-13,West Ham,Aston Villa,H,1.0,0.8,10.8,3.6,4.2,8.0,1.8,0.4,13.8,4.8,5.4,9.0,0
2022-03-13,Everton,Wolves,A,0.8,2.2,10.6,3.0,3.2,3.0,1.4,1.2,10.6,3.2,5.6,6.0,2
2022-03-13,Chelsea,Newcastle,H,2.2,0.4,13.0,5.0,6.2,13.0,1.6,0.6,13.6,4.8,5.0,13.0,0
2022-03-13,Leeds,Norwich,H,0.4,3.6,12.2,3.2,3.8,0.0,0.6,3.0,9.2,3.0,4.4,0.0,0
2022-03-14,Crystal Palace,Man City,D,1.4,0.6,8.6,4.0,5.8,8.0,2.6,0.8,19.0,7.6,8.8,12.0,1
2022-03-16,Brighton,Tottenham,A,0.2,2.2,11.2,2.4,5.4,0.0,2.8,1.2,11.4,5.6,4.6,9.0,2
2022-03-16,Arsenal,Liverpool,A,2.0,0.8,19.8,5.4,6.0,15.0,2.6,0.2,20.8,8.2,6.2,15.0,2
2022-03-17,Everton,Newcastle,H,0.6,1.8,10.0,2.8,3.8,3.0,1.4,0.8,13.0,4.8,4.8,10.0,0
2022-03-18,Wolves,Leeds,A,1.2,1.0,11.2,3.2,4.6,6.0,0.4,3.0,11.6,3.4,4.4,3.0,2
2022-03-19,Aston Villa,Arsenal,A,2.0,0.6,14.2,6.0,5.6,9.0,1.8,1.2,19.2,5.4,5.4,12.0,2
2022-03-20,Leicester,Brentford,H,1.2,1.2,13.0,4.4,6.8,7.0,1.2,1.0,8.8,3.0,3.2,7.0,0
2022-03-20,Tottenham,West Ham,H,2.6,0.8,13.6,6.0,5.2,9.0,1.2,1.0,11.2,3.8,4.2,8.0,0
2022-04-02,Man United,Leicester,D,2.0,1.6,14.2,5.4,4.8,10.0,1.2,1.0,12.8,4.8,6.2,9.0,1
2022-04-02,Wolves,Aston Villa,H,1.4,1.2,12.8,4.4,4.2,6.0,2.0,0.6,11.8,6.0,4.8,9.0,0
2022-04-02,Leeds,Southampton,D,1.0,2.2,14.0,4.2,5.4,6.0,1.2,1.6,16.8,6.6,9.4,6.0,1
2022-04-02,Brighton,Norwich,D,0.2,2.2,12.2,1.8,6.2,0.0,0.8,2.6,10.0,3.2,4.0,0.0,1
2022-04-02,Burnley,Man City,A,0.4,1.8,8.4,1.8,5.4,4.0,2.2,0.8,19.6,7.0,8.2,10.0,2
2022-04-02,Liverpool,Watford,H,2.8,0.2,20.2,8.0,5.8,15.0,1.0,2.4,9.8,3.0,3.0,4.0,0
2022-04-02,Chelsea,Brentford,A,2.2,0.2,11.6,5.0,6.2,15.0,1.4,1.4,10.0,3.8,3.6,6.0,2
2022-04-03,West Ham,Everton,H,1.0,1.2,10.8,3.4,4.0,7.0,0.2,1.8,7.6,1.4,3.8,3.0,0
2022-04-03,Tottenham,Newcastle,H,3.2,0.8,14.6,6.4,4.8,12.0,1.2,0.8,13.6,5.4,4.8,9.0,0
2022-04-04,Crystal Palace,Arsenal,H,1.4,0.6,8.8,3.6,4.4,8.0,1.6,1.0,16.4,4.4,3.6,12.0,0
2022-04-06,Burnley,Everton,H,0.2,2.2,6.0,1.2,5.0,1.0,0.4,1.8,8.4,1.8,3.8,3.0,0
2022-04-08,Newcastle,Wolves,H,1.0,1.8,10.0,3.4,4.2,6.0,1.8,1.2,12.2,5.2,4.0,9.0,0
2022-04-09,Everton,Man United,H,0.8,2.2,10.4,2.2,4.4,3.0,1.8,1.8,12.6,5.0,4.0,8.0,0
2022-04-09,Aston Villa,Tottenham,A,1.8,1.0,13.0,6.2,6.2,6.0,3.4,1.0,15.4,5.4,4.0,12.0,2
2022-04-09,Watford,Leeds,A,0.8,2.0,9.2,3.2,2.4,4.0,1.2,1.6,12.6,4.2,5.6,7.0,2
2022-04-09,Arsenal,Brighton,A,1.2,1.4,13.6,4.0,3.0,9.0,0.2,1.6,16.2,2.4,7.6,1.0,2
2022-04-09,Southampton,Chelsea,A,1.0,1.8,15.8,5.6,10.0,4.0,2.0,1.0,12.8,5.2,6.6,12.0,2
2022-04-10,Brentford,West Ham,H,2.0,1.2,12.2,4.6,5.0,9.0,1.2,1.2,10.8,3.8,3.8,9.0,0
2022-04-10,Leicester,Crystal Palace,H,1.2,0.8,11.6,4.0,5.2,10.0,2.0,0.4,8.6,4.6,3.6,11.0,0
2022-04-10,Norwich,Burnley,H,0.6,2.0,10.0,3.0,3.6,1.0,0.6,2.4,7.6,1.8,6.0,3.0,0
2022-04-10,Man City,Liverpool,D,1.8,0.8,18.8,6.4,7.4,10.0,2.6,0.0,18.4,7.0,5.8,15.0,1
2022-04-16,Southampton,Arsenal,H,0.6,3.0,11.2,4.0,8.0,1.0,0.8,1.4,14.4,4.0,4.2,6.0,0
2022-04-16,Tottenham,Brighton,A,3.2,1.0,14.8,5.0,3.6,12.0,0.6,1.4,15.4,2.8,6.6,4.0,2
2022-04-16,Man United,Norwich,H,1.0,1.6,12.0,4.0,4.8,5.0,1.0,1.6,11.8,4.0,3.6,4.0,0
2022-04-16,Watford,Brentford,A,0.8,2.6,8.8,3.0,2.4,3.0,2.4,0.8,14.0,5.8,4.6,12.0,2
2022-04-17,West Ham,Burnley,D,1.0,1.6,9.2,3.2,4.4,6.0,0.6,2.4,9.4,2.2,6.2,3.0,1
2022-04-17,Newcastle,Leicester,H,0.8,1.6,10.4,3.4,3.6,6.0,1.2,1.0,9.6,3.4,4.2,10.0,0
2022-04-19,Liverpool,Man United,H,1.8,0.4,15.0,4.8,5.2,13.0,1.6,2.0,11.6,5.2,5.2,7.0,0
2022-04-20,Chelsea,Arsenal,A,3.0,1.0,15.8,7.4,6.4,12.0,0.4,1.6,14.8,3.6,5.4,3.0,2
2022-04-20,Everton,Leicester,D,1.0,1.2,10.6,2.8,5.0,6.0,1.2,1.4,9.8,3.0,4.2,7.0,1
2022-04-20,Newcastle,Crystal Palace,H,0.8,1.6,12.0,4.0,3.2,6.0,1.4,0.6,9.4,4.2,3.6,8.0,0
2022-04-20,Man City,Brighton,H,1.8,0.6,16.8,6.6,6.2,11.0,0.6,1.0,14.8,3.0,6.0,7.0,0
2022-04-21,Burnley,Southampton,H,0.8,1.8,10.0,2.2,6.0,4.0,0.8,2.2,10.8,4.4,7.8,4.0,0
2022-04-23,Norwich,Newcastle,A,1.2,1.6,11.8,3.4,4.0,4.0,1.0,1.4,13.2,4.4,3.2,9.0,2
2022-04-23,Brentford,Tottenham,D,2.2,0.8,15.2,5.6,4.6,12.0,2.8,0.6,13.8,4.4,3.4,12.0,1
2022-04-23,Man City,Watford,H,2.2,0.6,17.6,6.0,6.8,11.0,0.6,2.4,9.6,2.4,3.4,3.0,0
2022-04-23,Arsenal,Man United,H,1.2,1.6,15.8,4.0,5.4,6.0,1.4,2.0,11.0,5.0,5.0,7.0,0
2022-04-23,Leicester,Aston Villa,D,1.4,1.2,10.8,3.0,3.8,8.0,1.0,1.8,12.0,6.0,7.2,3.0,1
2022-04-24,Brighton,Southampton,D,0.6,1.2,13.6,2.6,5.4,7.0,0.6,2.2,10.2,4.0,7.4,4.0,1
2022-04-24,Burnley,Wolves,H,1.2,1.4,11.8,3.2,6.2,7.0,1.8,1.0,10.8,4.6,3.0,9.0,0
2022-04-24,Chelsea,West Ham,H,2.6,1.8,15.8,6.8,7.2,9.0,1.2,1.6,10.8,3.8,5.8,7.0,0
2022-04-24,Liverpool,Everton,H,2.4,0.4,13.4,4.8,6.4,13.0,1.2,1.2,11.6,3.0,5.0,7.0,0
2022-04-25,Crystal Palace,Leeds,D,1.2,0.6,9.2,3.8,3.6,7.0,1.8,1.4,10.8,4.4,5.2,10.0,1
2022-04-28,Man United,Chelsea,D,1.0,2.2,11.8,4.8,5.6,4.0,2.2,1.6,18.0,6.4,6.2,9.0,1
2022-04-30,Leeds,Man City,A,1.8,0.8,11.8,4.6,5.2,11.0,2.4,0.6,17.0,5.6,7.2,11.0,2
2022-04-30,Wolves,Brighton,A,1.0,1.2,10.8,4.4,3.2,6.0,1.0,1.2,12.2,3.6,5.4,8.0,2
2022-04-30,Watford,Burnley,A,0.8,2.6,8.8,2.8,3.8,3.0,1.4,1.0,14.0,4.0,6.6,10.0,2
2022-04-30,Aston Villa,Norwich,H,0.4,1.8,11.2,4.8,7.4,1.0,1.0,1.6,11.0,3.2,3.8,4.0,0
2022-04-30,Newcastle,Liverpool,A,1.6,1.2,12.4,4.6,2.4,12.0,2.4,0.4,13.4,3.8,7.8,13.0,2
2022-04-30,Southampton,Crystal Palace,A,0.8,2.2,11.2,3.6,6.4,5.0,0.8,0.6,10.2,3.6,3.4,5.0,2
2022-05-01,Everton,Chelsea,H,1.0,1.6,11.6,2.6,4.2,4.0,2.2,1.8,20.6,7.0,6.6,7.0,0
2022-05-01,Tottenham,Leicester,H,2.4,0.6,12.2,3.0,4.4,10.0,1.0,1.0,9.4,2.6,4.8,6.0,0
2022-05-01,West Ham,Arsenal,A,0.8,1.6,9.8,3.4,5.0,4.0,1.6,1.8,16.6,4.8,4.6,6.0,2
2022-05-02,Man United,Brentford,H,1.0,2.2,10.8,4.4,4.8,4.0,1.8,0.8,15.6,5.2,6.6,10.0,0
2022-05-07,Liverpool,Tottenham,D,2.2,0.4,16.4,5.2,7.8,13.0,2.4,0.6,11.4,3.6,4.8,10.0,1
2022-05-07,Crystal Palace,Watford,H,1.2,0.8,11.6,4.4,4.4,7.0,0.6,2.8,9.6,2.0,4.2,0.0,0
2022-05-07,Brighton,Man United,H,1.6,1.2,9.4,4.6,3.8,10.0,1.6,2.0,10.2,4.6,4.0,7.0,0
2022-05-07,Burnley,Aston Villa,A,1.2,0.8,14.8,4.4,6.0,10.0,0.6,1.4,12.8,4.6,6.4,4.0,2
2022-05-07,Brentford,Southampton,H,1.6,1.0,15.0,4.8,7.2,10.0,0.8,2.4,10.0,3.0,6.2,4.0,0
2022-05-07,Chelsea,Wolves,D,2.0,1.2,19.8,6.4,5.8,7.0,0.8,1.8,10.2,4.0,4.2,3.0,1
2022-05-08,Arsenal,Leeds,H,2.0,1.4,16.8,5.6,5.6,9.0,1.4,1.4,10.6,3.6,4.6,8.0,0
2022-05-08,Leicester,Everton,A,1.0,1.4,8.4,2.4,4.4,5.0,1.0,1.2,10.8,3.0,4.0,7.0,2
2022-05-08,Norwich,West Ham,A,0.8,1.6,10.4,3.0,4.0,4.0,0.8,1.4,10.2,3.8,5.0,4.0,2
2022-05-08,Man City,Newcastle,H,3.2,0.6,17.2,6.0,7.2,13.0,1.4,0.4,11.6,4.8,1.8,12.0,0
2022-05-10,Aston Villa,Liverpool,A,1.2,1.4,13.6,5.8,6.2,7.0,2.0,0.6,16.8,5.2,8.2,11.0,2
2022-05-11,Leeds,Chelsea,A,1.0,1.4,8.2,2.8,4.0,5.0,1.2,1.6,18.8,4.8,7.0,5.0,2
2022-05-11,Leicester,Norwich,H,0.8,1.6,9.2,3.6,5.0,2.0,0.8,2.4,10.8,3.4,5.4,3.0,0
2022-05-11,Watford,Everton,D,0.6,2.6,9.8,1.8,4.6,0.0,1.0,0.8,9.6,3.0,3.0,10.0,1
2022-05-11,Wolves,Man City,A,0.8,1.6,10.2,3.2,4.4,4.0,3.8,0.6,17.8,6.6,7.2,13.0,2
2022-05-12,Tottenham,Arsenal,H,1.6,0.6,9.2,3.0,5.4,8.0,2.2,1.2,16.6,6.6,5.0,12.0,0
2022-05-15,Tottenham,Burnley,H,1.4,0.6,10.2,3.2,5.2,8.0,1.4,1.0,14.0,4.8,5.4,10.0,0
2022-05-15,Aston Villa,Crystal Palace,D,1.2,1.4,12.4,5.6,4.8,7.0,0.8,0.8,13.4,4.8,6.0,7.0,1
2022-05-15,Leeds,Brighton,D,0.8,1.8,6.8,2.2,3.4,4.0,2.0,1.0,11.2,5.2,4.8,10.0,1
2022-05-15,Watford,Leicester,A,0.6,2.0,9.4,1.6,4.2,1.0,1.2,1.2,11.6,4.8,6.0,5.0,2
2022-05-15,West Ham,Man City,D,1.2,1.2,10.6,3.8,5.6,4.0,4.4,0.4,18.8,6.6,6.8,15.0,1
2022-05-15,Wolves,Norwich,D,0.6,2.4,9.4,2.8,4.8,1.0,0.4,3.0,9.2,3.2,4.6,0.0,1
2022-05-15,Everton,Brentford,A,0.8,0.8,11.4,3.4,4.6,8.0,1.4,0.8,15.2,4.6,6.6,10.0,2
2022-05-16,Newcastle,Arsenal,H,1.2,1.4,10.6,4.6,2.0,9.0,2.2,1.6,13.6,6.2,3.8,12.0,0
2022-05-17,Southampton,Liverpool,A,0.8,1.8,13.0,3.6,7.0,4.0,2.0,0.4,19.0,5.6,8.6,13.0,2
2022-05-19,Everton,Crystal Palace,H,1.0,1.2,10.8,3.8,4.6,7.0,0.8,0.6,14.4,5.0,6.2,8.0,0
2022-05-19,Aston Villa,Burnley,D,1.4,0.8,13.2,4.8,3.2,8.0,1.2,1.0,13.8,4.8,5.0,9.0,1
2022-05-19,Chelsea,Leicester,D,1.4,0.8,20.0,5.2,6.8,8.0,2.0,1.2,12.0,5.6,5.8,7.0,1
2022-05-22,Norwich,Tottenham,A,0.2,2.6,8.4,2.8,3.8,1.0,1.6,0.4,13.4,4.8,6.0,11.0,2
2022-05-22,Liverpool,Wolves,H,1.6,0.6,21.0,5.6,8.4,13.0,0.8,2.4,11.8,3.2,5.4,2.0,0
2022-05-22,Leicester,Southampton,H,2.2,1.4,11.4,5.4,4.4,7.0,0.8,2.2,12.0,3.4,6.0,1.0,0
2022-05-22,Crystal Palace,Man United,H,1.2,1.0,13.8,5.6,6.2,8.0,1.0,2.4,9.2,3.8,4.0,4.0,0
2022-05-22,Chelsea,Watford,H,1.4,1.0,18.8,5.6,7.4,6.0,0.6,2.6,8.6,1.8,4.4,1.0,0
2022-05-22,Burnley,Newcastle,A,1.0,1.2,12.6,4.6,4.2,7.0,1.2,1.2,10.6,4.0,3.8,9.0,2
2022-05-22,Brighton,West Ham,H,2.0,1.2,12.0,5.4,4.2,8.0,1.6,1.2,10.8,4.0,5.2,5.0,0
2022-05-22,Brentford,Leeds,A,1.6,1.2,15.8,4.6,6.2,10.0,0.4,2.0,8.6,2.2,3.4,2.0,2
2022-05-22,Arsenal,Everton,H,1.4,1.6,13.0,5.8,5.2,9.0,1.6,1.2,11.4,4.8,5.2,10.0,0
2022-05-22,Man City,Aston Villa,H,4.2,0.8,21.6,7.2,7.2,13.0,1.6,1.0,15.4,6.0,4.6,8.0,0
2022-08-05,Crystal Palace,Arsenal,A,1.4,1.0,11.6,4.8,5.6,10.0,1.8,1.6,15.4,6.2,7.4,9.0,2
2022-08-06,Fulham,Liverpool,D,0.4,2.0,12.6,2.8,5.4,1.0,1.8,0.8,23.2,6.4,6.8,13.0,1
2022-08-06,Bournemouth,Aston Villa,H,1.6,1.2,11.6,3.8,6.4,7.0,1.6,1.6,12.0,5.2,4.4,5.0,0
2022-08-06,Tottenham,Southampton,H,2.6,0.4,15.4,7.4,4.8,13.0,1.0,2.6,11.2,3.2,4.6,1.0,0
2022-08-06,Everton,Chelsea,A,1.6,2.2,10.8,4.4,5.0,7.0,1.6,1.0,18.4,6.0,6.2,8.0,2
2022-08-06,Leeds,Wolves,H,0.8,2.2,9.6,3.0,3.2,4.0,1.0,2.8,11.2,3.4,4.8,2.0,0
2022-08-07,Leicester,Brentford,D,2.8,1.0,12.6,6.2,4.4,10.0,1.4,1.4,15.4,4.6,5.8,7.0,1
2022-08-07,Man United,Brighton,A,1.0,1.8,10.8,4.4,4.8,4.0,2.6,0.8,15.2,6.6,4.4,11.0,2
2022-08-07,West Ham,Man City,A,1.6,1.6,8.0,2.8,3.8,4.0,3.8,1.0,22.2,6.6,7.6,13.0,2
2022-08-13,Brentford,Man United,H,1.8,1.8,14.0,4.8,4.6,7.0,1.0,1.6,11.4,4.4,4.6,4.0,0
2022-08-13,Aston Villa,Everton,H,1.0,1.8,12.6,4.2,4.4,2.0,1.2,2.2,10.4,4.4,5.6,4.0,0
2022-08-13,Arsenal,Leicester,H,1.8,1.4,14.8,5.2,7.0,9.0,3.0,1.0,12.2,5.4,4.2,11.0,0
2022-08-13,Brighton,Newcastle,D,2.6,0.6,16.6,6.4,3.6,13.0,1.2,1.4,11.6,5.0,5.4,9.0,1
2022-08-13,Man City,Bournemouth,H,3.4,1.0,21.2,5.8,7.2,13.0,2.0,1.2,11.2,4.0,5.8,9.0,0
2022-08-13,Southampton,Leeds,D,0.8,3.0,9.6,2.6,3.8,0.0,1.2,1.6,10.6,3.4,3.8,7.0,1
2022-08-13,Wolves,Fulham,D,1.2,2.6,12.0,4.4,4.2,2.0,0.8,2.0,12.4,2.8,4.6,2.0,1
2022-08-14,Chelsea,Tottenham,D,1.8,0.8,18.0,6.2,7.8,11.0,2.8,0.4,16.4,7.6,5.4,13.0,1
2022-08-15,Liverpool,Crystal Palace,D,2.0,1.2,20.6,5.2,6.4,11.0,1.0,1.2,10.8,4.2,4.8,7.0,1
2022-08-20,Fulham,Brentford,H,0.8,1.6,10.0,2.8,3.6,3.0,2.6,1.2,14.2,5.4,4.6,10.0,0
2022-08-20,Leicester,Southampton,A,2.8,1.8,9.4,4.2,2.6,8.0,1.0,3.0,10.8,2.8,3.0,1.0,2
2022-08-20,Tottenham,Wolves,H,3.0,0.6,16.8,8.0,5.4,13.0,0.8,2.2,10.6,3.8,4.6,2.0,0
2022-08-20,Bournemouth,Arsenal,A,1.2,1.8,9.8,3.4,5.6,6.0,2.2,1.6,14.8,4.8,6.6,9.0,2
2022-08-20,Crystal Palace,Aston Villa,H,1.0,1.4,9.2,3.4,3.6,5.0,1.2,1.6,13.2,4.2,5.0,5.0,0
2022-08-21,Newcastle,Man City,D,1.2,1.2,11.6,4.8,6.0,10.0,3.2,1.0,20.8,5.4,7.8,13.0,1
2022-08-21,West Ham,Brighton,A,1.4,1.6,10.2,3.0,4.6,4.0,2.0,0.6,15.8,6.0,4.4,11.0,2
2022-08-21,Leeds,Chelsea,H,1.4,1.6,12.6,4.0,4.4,8.0,1.8,0.8,17.4,5.6,7.6,11.0,0
2022-08-22,Man United,Liverpool,H,0.8,2.2,13.2,4.6,4.6,3.0,2.0,1.2,21.0,5.4,5.0,11.0,0
2022-08-27,Southampton,Man United,A,1.4,2.6,8.8,2.6,2.6,4.0,0.6,2.4,13.8,4.4,5.2,3.0,2
2022-08-27,Brentford,Everton,D,2.4,1.8,13.2,5.4,4.4,7.0,1.2,2.2,12.0,4.8,4.8,4.0,1
2022-08-27,Brighton,Leeds,H,1.6,0.6,14.6,5.2,3.8,11.0,2.0,1.0,14.0,5.2,5.0,11.0,0
2022-08-27,Chelsea,Leicester,H,1.2,1.4,16.8,5.4,7.8,8.0,2.0,2.0,8.0,3.0,2.4,5.0,0
2022-08-27,Liverpool,Bournemouth,H,1.8,1.4,21.0,5.2,6.0,8.0,1.0,2.0,8.0,3.0,5.2,6.0,0
2022-08-27,Man City,Crystal Palace,H,2.8,1.4,21.8,6.4,8.4,11.0,1.4,1.4,9.4,4.4,3.4,7.0,0
2022-08-27,Arsenal,Fulham,H,2.8,1.0,16.0,5.2,7.0,12.0,1.2,1.4,11.6,4.0,3.8,6.0,0
2022-08-28,Aston Villa,West Ham,A,1.2,2.0,13.2,4.4,5.2,4.0,0.6,2.0,10.2,2.6,4.6,1.0,2
2022-08-28,Wolves,Newcastle,D,0.6,1.4,13.2,3.8,4.6,2.0,1.8,0.8,12.6,5.4,6.6,11.0,1
2022-08-30,Southampton,Chelsea,H,1.2,2.4,11.4,3.2,3.4,4.0,1.4,1.4,14.2,4.6,7.2,10.0,0
2022-08-30,Crystal Palace,Brentford,D,1.4,1.6,8.4,3.8,2.6,7.0,2.0,1.6,13.4,5.0,5.6,5.0,1
2022-08-30,Fulham,Brighton,H,1.2,1.6,12.2,3.6,4.0,5.0,1.6,0.4,14.0,4.8,4.6,13.0,0
2022-08-30,Leeds,Everton,D,1.8,1.0,12.2,4.6,4.0,10.0,0.8,2.0,12.4,5.0,5.0,2.0,1
2022-08-31,Bournemouth,Wolves,D,1.0,3.4,6.8,2.8,3.0,6.0,0.6,1.4,11.8,3.8,4.4,2.0,1
2022-08-31,Liverpool,Newcastle,H,3.2,1.2,20.0,6.6,5.8,8.0,1.6,1.0,13.6,5.8,6.8,9.0,0
2022-08-31,Arsenal,Aston Villa,H,3.2,0.8,18.2,6.4,7.2,15.0,1.0,2.0,10.6,3.2,3.2,3.0,0
2022-08-31,West Ham,Tottenham,D,0.4,1.6,10.4,2.6,4.2,3.0,2.8,0.6,15.2,7.4,5.2,13.0,1
2022-09-01,Leicester,Man United,A,2.0,2.2,11.0,3.8,4.6,4.0,0.8,1.6,13.0,4.6,4.6,6.0,2
2022-09-03,Aston Villa,Man City,D,0.8,1.8,10.6,3.4,3.6,3.0,3.8,1.0,17.8,6.6,7.2,13.0,1
2022-09-03,Everton,Liverpool,D,0.8,1.2,12.6,5.0,5.0,3.0,3.0,1.2,18.8,6.2,7.4,8.0,1
2022-09-03,Brentford,Leeds,H,2.0,1.4,12.4,4.6,6.2,6.0,1.6,1.0,12.2,4.4,5.6,8.0,0
2022-09-03,Chelsea,West Ham,H,1.2,1.6,12.4,3.8,7.2,7.0,0.4,1.2,11.8,3.0,3.6,4.0,0
2022-09-03,Newcastle,Crystal Palace,D,1.4,1.2,13.0,5.0,6.4,6.0,1.4,1.8,9.8,4.0,2.8,5.0,1
2022-09-03,Nott'm Forest,Bournemouth,A,0.4,2.2,11.4,2.6,3.2,4.0,0.4,3.2,5.2,1.8,2.4,4.0,2
2022-09-03,Tottenham,Fulham,H,2.0,0.8,14.0,5.6,5.6,11.0,1.6,1.4,11.4,4.2,3.6,8.0,0
2022-09-03,Wolves,Southampton,H,0.4,0.8,13.8,3.6,4.8,3.0,1.4,1.8,11.8,4.2,3.8,7.0,0
2022-09-04,Brighton,Leicester,H,1.2,0.6,11.8,4.2,4.2,10.0,1.2,2.2,10.6,3.0,4.2,1.0,0
2022-09-04,Man United,Arsenal,H,1.0,1.4,12.8,4.2,4.0,9.0,2.6,0.8,17.4,6.4,6.8,15.0,0
2022-09-16,Aston Villa,Southampton,H,1.0,1.6,8.2,3.2,2.8,4.0,1.2,1.2,12.2,4.0,4.6,7.0,0
2022-09-16,Nott'm Forest,Fulham,A,0.8,2.4,12.6,3.2,3.8,4.0,1.4,1.4,11.4,4.2,3.4,7.0,2
2022-09-17,Wolves,Man City,A,0.4,0.4,12.2,2.8,5.0,6.0,3.6,1.2,17.6,7.0,7.2,11.0,2
2022-09-17,Newcastle,Bournemouth,D,1.0,1.2,13.0,4.2,6.8,4.0,0.6,3.6,5.4,1.8,2.6,4.0,1
2022-09-17,Tottenham,Leicester,H,1.6,0.8,15.0,6.0,5.6,11.0,1.2,2.8,9.0,2.8,3.4,0.0,0
2022-09-18,Brentford,Arsenal,A,2.6,1.4,13.6,5.6,5.4,8.0,2.4,1.4,18.6,6.6,6.8,12.0,2
2022-09-18,Everton,West Ham,H,0.8,1.0,13.8,4.8,5.6,4.0,0.6,1.2,11.8,3.4,4.0,4.0,0
2022-10-01,West Ham,Wolves,H,0.6,1.2,10.8,3.2,5.4,4.0,0.4,1.0,12.0,2.8,5.0,5.0,0
2022-10-01,Crystal Palace,Chelsea,A,1.4,1.4,11.6,5.4,3.2,6.0,1.4,1.8,11.0,3.2,6.0,7.0,2
2022-10-01,Southampton,Everton,A,0.8,1.0,10.8,3.4,4.8,6.0,0.8,0.6,12.2,4.4,5.0,7.0,2
2022-10-01,Liverpool,Brighton,D,2.6,0.8,21.2,7.0,8.4,8.0,1.8,0.8,13.4,5.6,5.8,10.0,1
2022-10-01,Bournemouth,Brentford,D,0.8,3.0,6.8,2.2,2.6,5.0,1.8,2.0,12.0,4.6,4.4,5.0,1
2022-10-01,Arsenal,Tottenham,H,2.2,1.0,17.4,6.6,6.2,12.0,2.4,0.8,16.2,7.2,5.8,13.0,0
2022-10-01,Fulham,Newcastle,A,2.0,1.8,12.6,5.0,4.8,9.0,1.2,1.4,16.2,5.4,7.8,4.0,2
2022-10-02,Man City,Man United,H,3.4,1.2,17.0,7.0,6.4,11.0,1.4,1.2,11.4,4.4,3.2,12.0,0
2022-10-02,Leeds,Aston Villa,D,1.6,1.8,13.2,4.8,5.6,5.0,0.8,1.4,8.0,3.0,3.0,4.0,1
2022-10-03,Leicester,Nott'm Forest,H,1.2,3.2,11.6,3.8,3.2,0.0,1.0,3.0,12.2,2.6,3.0,1.0,0
2022-10-08,Man City,Southampton,H,4.0,1.2,17.2,7.0,6.4,13.0,0.6,1.2,13.4,4.0,5.2,3.0,0
2022-10-08,Bournemouth,Leicester,H,0.8,2.4,7.0,2.2,3.4,6.0,1.8,2.8,13.8,5.0,4.0,3.0,0
2022-10-08,Chelsea,Wolves,H,1.4,1.6,10.4,3.2,4.8,9.0,0.4,1.2,11.0,3.0,5.0,5.0,0
2022-10-08,Newcastle,Brentford,H,1.4,1.0,17.6,6.2,8.4,6.0,1.4,1.4,12.0,4.4,5.4,6.0,0
2022-10-08,Brighton,Tottenham,A,2.4,1.4,12.0,5.4,4.8,10.0,2.4,1.4,15.4,7.0,4.6,10.0,2
2022-10-09,Crystal Palace,Leeds,H,1.4,1.6,11.6,5.4,3.8,5.0,1.2,1.4,12.4,4.0,5.0,5.0,0
2022-10-09,West Ham,Fulham,H,1.0,0.8,11.8,3.6,4.6,7.0,1.6,2.2,9.6,3.4,3.8,6.0,0
2022-10-09,Arsenal,Liverpool,H,2.2,1.2,19.0,7.2,6.4,12.0,3.0,1.2,19.4,7.6,9.4,8.0,0
2022-10-09,Everton,Man United,A,1.0,0.6,10.8,3.8,5.0,9.0,2.0,1.6,10.8,5.2,3.0,12.0,2
2022-10-10,Nott'm Forest,Aston Villa,D,0.8,3.6,11.4,2.2,3.8,0.0,0.6,0.8,9.2,3.4,4.4,5.0,1
2022-10-14,Brentford,Brighton,H,1.4,2.2,9.4,4.0,4.8,5.0,2.0,1.6,12.6,5.8,5.2,7.0,0
2022-10-15,Leicester,Crystal Palace,D,1.8,2.8,12.2,5.0,2.2,3.0,1.2,1.6,10.8,4.6,4.0,5.0,1
2022-10-15,Tottenham,Everton,H,2.2,1.4,13.4,6.2,4.8,10.0,1.0,0.8,10.2,2.8,5.0,8.0,0
2022-10-15,Fulham,Bournemouth,D,1.6,2.4,9.0,3.2,3.8,6.0,1.2,0.8,8.0,2.6,4.6,9.0,1
2022-10-15,Wolves,Nott'm Forest,H,0.2,1.6,10.6,2.6,4.6,4.0,1.0,3.4,9.2,2.6,2.8,1.0,0
2022-10-16,Liverpool,Man City,H,3.2,1.4,17.6,7.2,8.4,8.0,4.0,0.8,17.8,7.6,7.0,13.0,0
2022-10-16,Southampton,West Ham,D,0.6,1.8,11.0,3.0,4.4,3.0,1.4,1.0,13.8,4.8,5.0,7.0,1
2022-10-16,Man United,Newcastle,D,2.0,1.6,10.8,5.2,2.6,12.0,2.2,1.0,16.6,6.2,7.6,8.0,1
2022-10-16,Aston Villa,Chelsea,A,0.8,0.8,9.8,3.2,4.6,6.0,2.0,1.0,11.6,4.0,4.4,12.0,2
2022-10-16,Leeds,Arsenal,A,0.8,1.8,12.0,3.6,4.8,2.0,2.4,1.4,16.8,7.0,5.4,12.0,2
2022-10-18,Brighton,Nott'm Forest,D,1.8,2.0,14.2,6.4,6.4,4.0,1.0,2.4,9.6,2.8,3.6,1.0,1
2022-10-18,Crystal Palace,Wolves,H,0.8,0.8,12.0,4.4,4.2,6.0,0.4,1.6,9.0,2.2,4.4,6.0,0
2022-10-19,Newcastle,Everton,H,2.0,0.6,17.4,6.2,8.4,9.0,0.8,1.0,9.6,2.4,4.8,7.0,0
2022-10-19,Bournemouth,Southampton,A,1.6,1.2,9.0,3.4,5.4,9.0,0.4,1.8,11.2,3.2,4.2,1.0,2
2022-10-19,Brentford,Chelsea,D,1.6,2.0,9.0,4.0,4.0,7.0,2.0,0.8,11.8,4.2,4.0,12.0,1
2022-10-19,Liverpool,West Ham,H,1.6,1.4,16.4,5.2,7.8,8.0,1.4,1.0,16.0,4.8,7.2,7.0,0
2022-10-19,Man United,Tottenham,H,1.8,1.6,11.6,4.4,2.8,10.0,2.4,1.2,15.0,6.8,5.4,12.0,0
2022-10-20,Fulham,Aston Villa,H,1.6,2.6,10.8,3.4,4.2,4.0,0.6,0.8,12.6,4.0,5.4,6.0,0
2022-10-20,Leicester,Leeds,H,1.8,2.6,13.0,5.6,3.8,4.0,0.8,1.8,13.2,4.0,5.4,2.0,0
2022-10-22,Man City,Brighton,H,2.8,1.0,17.6,7.0,6.2,10.0,1.6,1.6,16.6,7.0,7.6,5.0,0
2022-10-22,Everton,Crystal Palace,H,0.8,1.2,7.0,1.8,3.8,6.0,1.0,0.8,12.2,4.4,4.2,8.0,0
2022-10-22,Nott'm Forest,Liverpool,H,0.6,1.8,8.0,2.2,3.0,2.0,1.4,1.2,16.2,5.4,6.8,8.0,0
2022-10-22,Chelsea,Man United,D,1.8,0.4,12.6,4.4,3.8,13.0,2.0,1.6,15.4,6.0,3.8,10.0,1
2022-10-23,Wolves,Leicester,A,0.4,2.0,9.6,2.6,4.0,3.0,1.8,1.6,12.8,5.0,4.0,7.0,2
2022-10-23,Southampton,Arsenal,D,0.6,1.6,10.6,3.6,3.6,4.0,2.2,1.2,14.2,6.0,4.0,12.0,1
2022-10-23,Tottenham,Newcastle,A,2.0,1.4,12.2,5.2,4.0,9.0,2.2,0.6,16.0,5.8,7.4,11.0,2
2022-10-23,Aston Villa,Brentford,H,0.4,1.2,14.4,5.0,6.6,5.0,0.6,1.6,7.8,3.4,4.8,5.0,0
2022-10-23,Leeds,Fulham,A,0.6,2.0,13.2,3.4,5.2,1.0,2.0,2.2,12.6,4.4,5.4,7.0,2
2022-10-24,West Ham,Bournemouth,H,1.2,0.8,16.4,4.8,7.2,7.0,1.0,1.0,10.4,3.4,5.6,6.0,0
2022-10-29,Newcastle,Aston Villa,H,2.4,0.6,14.6,5.4,7.2,13.0,1.0,1.2,16.0,6.6,6.8,5.0,0
2022-10-29,Fulham,Everton,D,2.0,2.2,11.8,4.0,4.6,7.0,1.2,1.2,7.4,2.6,3.4,6.0,1
2022-10-29,Liverpool,Leeds,A,1.4,1.4,14.6,5.2,7.2,7.0,0.6,1.6,12.6,3.2,4.6,1.0,2
2022-10-29,Crystal Palace,Southampton,H,1.0,1.4,10.2,3.0,4.0,7.0,0.8,1.6,11.2,4.0,4.8,5.0,0
2022-10-29,Leicester,Man City,A,2.2,0.4,10.0,4.4,4.2,10.0,3.2,1.0,17.0,7.0,6.8,12.0,2
2022-10-29,Brentford,Wolves,D,0.6,1.8,9.2,3.6,5.4,5.0,0.4,2.2,12.6,3.4,4.8,3.0,1
2022-10-29,Bournemouth,Tottenham,A,0.8,1.2,9.4,3.4,5.4,5.0,1.0,1.4,12.4,4.0,4.0,6.0,2
2022-10-29,Brighton,Chelsea,H,0.8,1.8,13.6,5.2,6.2,2.0,1.6,0.4,12.2,4.2,3.0,11.0,0
2022-10-30,Arsenal,Nott'm Forest,H,2.2,0.8,13.4,6.0,3.8,13.0,0.4,1.2,7.8,3.0,3.0,5.0,0
2022-10-30,Man United,West Ham,H,1.6,1.6,16.0,6.0,4.2,8.0,1.6,0.6,17.6,4.8,5.4,10.0,0
2022-11-05,Leeds,Bournemouth,H,1.0,1.8,13.6,4.2,5.2,3.0,1.2,1.8,9.2,4.0,4.4,4.0,0
2022-11-05,Man City,Fulham,H,2.8,1.0,16.8,6.6,7.4,12.0,1.8,1.4,16.0,5.0,7.0,8.0,0
2022-11-05,Nott'm Forest,Brentford,D,0.4,1.4,6.8,2.8,2.6,5.0,0.8,2.0,9.0,3.4,4.4,5.0,1
2022-11-05,Wolves,Brighton,A,0.6,2.0,12.4,3.4,4.8,4.0,1.0,1.4,16.2,5.8,7.4,4.0,2
2022-11-05,Everton,Leicester,A,0.8,1.0,6.8,2.4,3.0,4.0,1.4,0.6,8.6,4.0,3.6,7.0,2
2022-11-06,West Ham,Crystal Palace,A,1.2,0.8,16.6,4.8,7.2,7.0,1.0,1.0,11.2,3.0,4.6,10.0,2
2022-11-06,Chelsea,Arsenal,A,1.4,1.0,12.6,5.0,4.0,8.0,2.6,0.8,15.6,6.6,5.0,13.0,2
2022-11-06,Aston Villa,Man United,H,1.0,2.0,12.8,5.2,5.0,4.0,1.2,0.4,16.8,5.0,5.0,11.0,0
2022-11-06,Southampton,Newcastle,A,0.6,1.4,9.6,3.6,4.2,5.0,2.4,0.4,14.8,4.8,6.2,13.0,2
2022-11-06,Tottenham,Liverpool,A,1.4,1.2,15.6,4.8,7.4,9.0,1.0,1.2,16.0,5.8,8.2,6.0,2
2022-11-12,West Ham,Leicester,A,0.8,1.0,14.2,3.6,6.8,4.0,1.6,0.2,11.2,4.6,3.8,10.0,2
2022-11-12,Liverpool,Southampton,H,1.0,0.8,17.0,6.4,8.2,9.0,0.8,1.4,11.8,4.6,5.6,5.0,0
2022-11-12,Wolves,Arsenal,A,1.0,2.0,12.4,4.0,5.2,4.0,2.2,0.6,14.0,5.2,5.2,13.0,2
2022-11-12,Newcastle,Chelsea,H,2.2,0.4,13.0,4.4,4.8,13.0,0.8,1.2,9.6,3.8,4.0,5.0,0
2022-11-12,Tottenham,Leeds,H,1.4,1.6,16.8,5.2,8.0,6.0,1.6,2.0,15.2,4.2,7.2,6.0,0
2022-11-12,Man City,Brentford,A,2.0,0.6,15.6,5.6,8.2,12.0,1.0,1.4,9.0,3.2,4.0,6.0,2
2022-11-12,Bournemouth,Everton,H,1.4,2.4,9.0,4.4,3.6,1.0,0.6,1.0,7.0,2.4,3.6,4.0,0
2022-11-12,Nott'm Forest,Crystal Palace,H,0.6,1.6,8.6,3.6,3.0,5.0,1.0,1.0,11.6,3.2,4.6,10.0,0
2022-11-13,Brighton,Aston Villa,A,1.6,1.6,17.2,6.6,8.0,7.0,1.4,2.0,11.6,5.6,4.8,6.0,2
2022-11-13,Fulham,Man United,A,1.8,1.2,15.2,5.0,6.6,8.0,1.0,0.8,16.0,4.8,5.2,8.0,2
2022-12-26,Aston Villa,Liverpool,A,1.8,1.8,9.6,4.6,4.2,9.0,1.4,1.0,17.4,7.4,8.4,9.0,2
2022-12-26,Arsenal,West Ham,H,2.0,0.2,14.6,4.6,5.2,13.0,0.6,1.2,12.8,4.0,5.4,3.0,0
2022-12-26,Leicester,Newcastle,A,2.0,0.2,10.2,4.8,2.4,12.0,2.4,0.4,13.2,4.6,5.0,15.0,2
2022-12-26,Southampton,Brighton,A,0.8,1.8,11.6,4.0,4.8,4.0,1.8,1.6,14.4,5.6,8.0,7.0,2
2022-12-26,Crystal Palace,Fulham,A,1.0,1.2,11.6,3.0,5.2,9.0,1.6,1.2,14.2,5.6,7.6,7.0,2
2022-12-26,Brentford,Tottenham,D,1.0,1.6,9.6,4.2,4.0,6.0,1.8,2.2,15.4,5.4,8.4,6.0,1
2022-12-26,Everton,Wolves,A,0.6,1.2,9.2,3.0,4.4,4.0,0.8,2.4,12.8,4.0,5.6,1.0,2
2022-12-27,Chelsea,Bournemouth,H,0.4,1.4,9.0,3.4,4.4,2.0,1.6,2.0,10.2,5.0,3.0,3.0,0
2022-12-27,Man United,Nott'm Forest,H,1.4,1.0,15.8,6.2,5.0,10.0,0.8,1.4,8.4,3.6,2.2,8.0,0
2022-12-28,Leeds,Man City,A,2.2,2.6,14.4,4.4,6.4,6.0,1.4,1.0,17.2,5.2,8.4,9.0,2
2022-12-30,West Ham,Brentford,A,0.8,1.6,12.8,4.2,5.8,3.0,1.4,2.0,9.8,4.2,4.0,6.0,2
2022-12-30,Liverpool,Leicester,H,1.8,1.2,16.2,7.8,8.0,9.0,1.6,0.8,10.8,5.0,3.0,9.0,0
2022-12-31,Man City,Everton,D,2.0,1.0,19.2,5.8,8.2,12.0,0.8,1.4,11.4,4.2,4.4,4.0,1
2022-12-31,Brighton,Arsenal,A,2.4,1.8,12.0,5.0,6.6,9.0,2.4,0.4,16.0,4.8,6.0,13.0,2
2022-12-31,Newcastle,Leeds,D,2.8,0.4,12.4,4.8,4.4,15.0,2.4,2.8,13.4,4.2,5.2,6.0,1
2022-12-31,Bournemouth,Crystal Palace,A,1.6,2.2,9.0,5.2,3.2,3.0,0.6,1.6,9.6,2.2,4.6,6.0,2
2022-12-31,Wolves,Man United,A,1.0,2.2,12.2,4.0,5.4,4.0,1.6,1.0,13.6,5.8,5.2,10.0,2
2022-12-31,Fulham,Southampton,H,1.6,1.2,15.2,6.2,7.4,7.0,0.8,2.4,12.6,4.2,5.0,1.0,0
2023-01-01,Tottenham,Aston Villa,A,2.2,2.2,16.8,6.6,8.8,7.0,2.0,1.8,9.6,4.6,2.8,9.0,2
2023-01-01,Nott'm Forest,Chelsea,D,0.8,2.0,9.4,4.2,3.8,7.0,0.8,1.4,9.2,3.4,5.2,4.0,1
2023-01-02,Brentford,Liverpool,H,1.8,1.2,9.2,4.8,3.0,9.0,2.2,1.2,17.4,7.4,6.6,12.0,0
2023-01-03,Man United,Bournemouth,H,1.6,0.8,14.2,5.8,5.4,12.0,1.6,2.2,9.2,5.0,3.6,3.0,0
2023-01-03,Everton,Brighton,A,0.4,1.6,10.0,3.2,4.0,2.0,2.6,2.0,12.2,5.6,7.4,9.0,2
2023-01-03,Leicester,Fulham,A,1.0,1.2,11.2,4.6,3.6,6.0,1.4,1.0,14.6,5.6,7.0,7.0,2
2023-01-03,Arsenal,Newcastle,D,3.0,0.6,16.4,5.6,6.0,15.0,2.4,0.2,13.0,4.8,4.8,13.0,1
2023-01-04,Southampton,Nott'm Forest,A,0.8,2.6,12.4,4.2,4.0,0.0,0.8,2.2,9.8,3.8,3.6,5.0,2
2023-01-04,Leeds,West Ham,D,2.0,2.2,12.2,3.4,5.2,7.0,0.4,2.0,12.8,4.4,6.4,0.0,1
2023-01-04,Aston Villa,Wolves,D,1.6,1.8,8.4,3.2,2.0,9.0,1.0,1.6,10.0,3.6,5.0,4.0,1
2023-01-04,Crystal Palace,Tottenham,A,1.0,1.0,10.8,3.0,5.2,9.0,2.0,2.2,14.6,6.0,8.6,7.0,2
2023-01-05,Chelsea,Man City,A,0.8,1.4,9.4,3.4,4.4,4.0,1.6,1.0,20.4,5.6,8.2,10.0,2
2023-01-12,Fulham,Chelsea,H,1.6,1.0,12.0,4.8,5.0,9.0,0.6,0.8,8.0,2.4,3.6,4.0,0
2023-01-13,Aston Villa,Leeds,H,1.8,1.2,10.4,4.0,3.4,10.0,2.0,2.4,12.2,3.4,5.8,5.0,0
2023-01-14,Nott'm Forest,Leicester,H,1.0,1.2,11.0,3.6,3.2,8.0,1.0,1.2,12.2,4.8,4.2,6.0,0
2023-01-14,Everton,Southampton,A,0.6,2.4,10.2,3.2,4.2,1.0,0.8,2.6,11.2,3.4,4.4,0.0,2
2023-01-14,Wolves,West Ham,H,1.0,1.6,9.2,3.4,5.4,4.0,0.8,2.2,13.2,3.8,4.6,1.0,0
2023-01-14,Man United,Man City,H,2.0,0.8,14.6,6.4,5.6,12.0,1.6,1.0,19.8,5.2,6.6,10.0,0
2023-01-14,Brighton,Liverpool,H,2.6,2.0,12.2,5.4,6.2,9.0,2.2,1.4,16.2,6.6,5.6,12.0,0
2023-01-14,Brentford,Bournemouth,H,2.2,1.2,8.8,5.6,3.2,11.0,1.2,2.2,9.4,5.0,4.2,3.0,0
2023-01-15,Chelsea,Crystal Palace,H,0.8,1.0,11.0,4.2,4.2,4.0,0.8,1.8,12.2,3.2,5.6,6.0,0
2023-01-15,Newcastle,Fulham,H,1.6,0.2,10.6,3.6,5.2,11.0,1.8,0.8,12.8,5.0,6.0,12.0,0
2023-01-15,Tottenham,Arsenal,A,2.2,1.8,12.8,5.8,5.6,7.0,2.0,0.6,15.0,4.4,5.2,13.0,2
2023-01-18,Crystal Palace,Man United,D,0.4,1.8,11.2,3.0,6.0,3.0,2.2,0.4,14.6,6.6,4.8,15.0,1
2023-01-19,Man City,Tottenham,H,1.4,1.2,17.6,4.4,5.2,7.0,2.0,1.8,13.4,6.2,5.4,7.0,0
2023-01-21,Liverpool,Chelsea,D,1.8,1.8,14.8,5.8,5.2,9.0,1.0,0.8,13.0,4.8,5.8,7.0,1
2023-01-21,Crystal Palace,Newcastle,D,0.6,1.8,11.6,4.0,5.6,4.0,1.0,0.0,13.2,3.8,6.8,11.0,1
2023-01-21,West Ham,Everton,H,0.6,2.0,15.4,4.2,4.8,1.0,0.8,2.4,10.2,3.6,3.8,1.0,0
2023-01-21,Bournemouth,Nott'm Forest,D,0.6,1.8,9.0,4.2,4.2,3.0,1.0,0.8,11.0,3.2,3.2,10.0,1
2023-01-21,Southampton,Aston Villa,A,1.0,2.0,10.6,3.4,3.6,3.0,1.6,1.2,11.4,4.2,2.8,10.0,2
2023-01-21,Leicester,Brighton,D,0.6,1.6,9.0,3.4,4.6,3.0,2.6,1.6,11.6,5.6,5.8,9.0,1
2023-01-22,Leeds,Brentford,D,1.4,2.2,11.8,3.4,5.4,2.0,2.2,0.8,10.0,6.0,3.6,13.0,1
2023-01-22,Man City,Wolves,H,2.0,1.2,15.0,4.4,4.8,10.0,0.8,1.0,11.0,3.2,5.4,7.0,0
2023-01-22,Arsenal,Man United,H,2.2,0.6,15.0,5.0,4.6,13.0,2.0,0.4,14.8,5.6,4.8,13.0,0
2023-01-23,Fulham,Tottenham,A,1.6,0.6,11.0,3.6,5.0,12.0,1.6,2.0,12.4,5.2,4.2,4.0,2
2023-02-03,Chelsea,Fulham,D,0.6,0.8,12.2,4.2,5.6,5.0,1.0,0.8,8.4,2.4,4.0,9.0,1
2023-02-04,Newcastle,West Ham,D,0.8,0.0,14.4,4.6,8.8,9.0,1.0,1.6,14.0,3.8,4.2,4.0,1
2023-02-04,Wolves,Liverpool,H,0.8,1.2,10.8,3.0,5.6,7.0,1.2,1.6,14.8,5.0,5.0,7.0,0
2023-02-04,Man United,Crystal Palace,H,1.8,1.0,12.6,4.8,3.8,10.0,0.6,1.2,12.0,4.2,6.0,5.0,0
2023-02-04,Brighton,Bournemouth,H,2.8,1.6,12.8,6.0,4.8,10.0,0.2,2.0,9.0,3.2,4.4,1.0,0
2023-02-04,Brentford,Southampton,H,1.8,0.6,9.2,4.4,3.8,11.0,0.8,1.6,10.4,3.4,4.0,3.0,0
2023-02-04,Aston Villa,Leicester,A,1.4,1.0,13.0,4.8,2.4,10.0,0.6,2.0,9.0,2.6,5.2,1.0,2
2023-02-04,Everton,Arsenal,H,0.8,2.2,8.2,3.4,4.6,1.0,2.4,1.0,17.2,5.2,6.2,13.0,0
2023-02-05,Nott'm Forest,Leeds,H,1.0,1.0,13.2,3.8,4.2,8.0,0.8,1.4,11.2,3.4,5.4,3.0,0
2023-02-05,Tottenham,Man City,H,1.4,1.6,11.2,4.2,4.8,6.0,2.0,1.0,12.4,4.0,4.8,10.0,0
2023-02-08,Man United,Leeds,D,2.0,1.2,12.2,4.6,3.8,10.0,0.6,1.0,11.4,4.0,5.2,3.0,1
2023-02-11,Bournemouth,Newcastle,D,0.2,1.8,9.6,2.8,3.4,1.0,0.4,0.2,13.6,4.0,8.6,7.0,1
2023-02-11,Southampton,Wolves,A,0.6,1.6,10.4,3.8,4.0,3.0,1.0,1.0,11.8,3.4,5.6,7.0,2
2023-02-11,Leicester,Tottenham,H,1.4,1.8,9.2,3.2,4.8,4.0,1.6,1.2,12.4,4.4,4.6,9.0,0
2023-02-11,Crystal Palace,Brighton,D,0.4,1.6,11.0,3.6,5.6,2.0,2.4,1.4,15.4,6.4,5.8,10.0,1
2023-02-11,Arsenal,Brentford,D,1.8,1.0,17.0,4.8,5.8,10.0,2.0,0.2,10.2,4.2,3.4,13.0,1
2023-02-11,West Ham,Chelsea,D,1.0,1.2,14.4,3.2,3.6,5.0,0.4,0.6,13.2,4.4,6.4,5.0,1
2023-02-11,Fulham,Nott'm Forest,H,0.6,0.6,8.8,2.8,3.6,7.0,1.2,0.4,12.8,3.6,2.4,11.0,0
2023-02-12,Leeds,Man United,A,1.0,1.4,11.4,4.2,5.6,3.0,1.8,1.6,13.4,4.8,3.8,8.0,2
2023-02-12,Man City,Aston Villa,H,1.8,1.0,12.2,4.4,4.6,9.0,1.6,1.2,14.4,4.4,4.6,10.0,0
2023-02-13,Liverpool,Everton,H,0.6,2.0,16.0,4.0,5.2,4.0,0.8,1.8,8.2,3.0,5.6,4.0,0
2023-02-15,Arsenal,Man City,A,1.2,0.8,18.8,4.8,6.4,8.0,2.2,1.2,13.2,5.6,5.8,9.0,2
2023-02-18,Brentford,Crystal Palace,D,1.8,0.4,10.2,3.4,4.0,11.0,0.6,1.0,8.4,3.0,3.8,3.0,1
2023-02-18,Newcastle,Liverpool,A,0.6,0.4,13.4,4.4,8.0,7.0,0.6,1.8,14.8,4.2,5.0,4.0,2
2023-02-18,Aston Villa,Arsenal,A,1.4,1.8,13.0,4.0,4.8,7.0,1.4,1.4,17.4,4.2,5.6,7.0,2
2023-02-18,Brighton,Fulham,A,2.2,0.8,17.0,6.8,5.6,11.0,0.8,0.6,9.8,3.0,4.0,7.0,2
2023-02-18,Chelsea,Southampton,A,0.6,0.6,14.0,4.8,7.0,6.0,0.6,1.6,12.0,3.6,4.2,3.0,2
2023-02-18,Everton,Leeds,H,0.6,2.0,9.0,3.0,6.0,3.0,0.6,1.4,11.8,4.2,5.4,2.0,0
2023-02-18,Nott'm Forest,Man City,D,1.0,0.6,12.4,2.8,3.0,10.0,2.6,1.0,14.0,6.6,6.0,12.0,1
2023-02-18,Wolves,Bournemouth,A,1.4,1.0,12.0,3.2,4.6,10.0,0.4,1.6,10.6,3.4,3.8,2.0,2
2023-02-19,Man United,Leicester,H,1.8,1.4,14.0,5.0,4.2,8.0,2.0,1.6,10.8,4.2,4.0,7.0,0
2023-02-19,Tottenham,West Ham,H,1.0,2.0,11.8,4.0,4.8,6.0,1.2,1.0,12.4,2.6,3.0,6.0,0
2023-02-24,Fulham,Wolves,D,0.6,0.4,9.2,2.8,3.4,7.0,1.2,1.0,13.0,3.4,5.4,9.0,1
2023-02-25,Bournemouth,Man City,A,0.6,1.0,10.2,2.8,3.2,5.0,2.0,0.8,16.0,6.6,6.4,10.0,2
2023-02-25,Crystal Palace,Liverpool,D,0.8,1.0,8.4,2.8,3.6,4.0,0.8,1.2,14.2,4.4,4.6,7.0,1
2023-02-25,West Ham,Nott'm Forest,H,0.8,1.0,10.6,2.4,4.2,5.0,1.0,0.8,11.0,2.8,2.6,8.0,0
2023-02-25,Leicester,Arsenal,A,2.0,2.0,11.6,3.6,4.0,7.0,1.8,1.8,18.6,4.2,6.8,7.0,2
2023-02-25,Leeds,Southampton,H,0.4,1.2,10.2,3.4,4.0,2.0,0.8,1.4,12.0,4.6,3.4,6.0,0
2023-02-25,Everton,Aston Villa,A,0.6,1.2,10.0,3.4,6.2,6.0,1.6,2.4,11.8,4.2,3.8,6.0,2
2023-02-26,Tottenham,Chelsea,H,1.4,1.6,11.6,3.8,4.8,9.0,0.4,0.4,13.4,3.8,7.2,6.0,0
2023-03-01,Arsenal,Everton,H,1.4,1.4,15.6,3.6,6.0,7.0,0.4,1.2,10.6,3.6,6.0,6.0,0
2023-03-01,Liverpool,Wolves,H,0.8,0.6,15.4,4.8,5.0,8.0,1.2,1.2,11.2,3.0,5.2,7.0,0
2023-03-04,Southampton,Leicester,H,0.4,1.4,11.0,4.0,3.0,3.0,2.0,1.8,10.6,3.4,3.0,7.0,0
2023-03-04,Chelsea,Leeds,H,0.2,0.8,12.4,3.2,5.8,3.0,0.6,1.2,11.2,3.2,5.4,4.0,0
2023-03-04,Brighton,West Ham,H,1.4,0.8,17.4,6.6,7.2,8.0,1.6,0.8,11.0,2.6,6.0,8.0,0
2023-03-04,Wolves,Tottenham,H,1.2,1.0,10.0,3.0,4.2,7.0,1.4,0.8,11.4,3.8,5.0,12.0,0
2023-03-04,Arsenal,Bournemouth,H,2.2,1.2,15.6,4.0,6.0,10.0,0.8,1.4,11.4,2.8,3.4,5.0,0
2023-03-04,Man City,Newcastle,H,2.2,1.0,17.4,6.2,6.6,10.0,0.6,0.8,14.6,5.0,8.2,6.0,0
2023-03-04,Aston Villa,Crystal Palace,H,1.6,2.2,11.4,4.2,4.0,6.0,0.6,0.8,7.6,1.8,4.0,4.0,0
2023-03-05,Nott'm Forest,Everton,D,0.6,1.6,9.6,2.4,2.6,5.0,0.4,1.6,11.2,4.2,4.4,6.0,1
2023-03-05,Liverpool,Man United,H,1.2,0.6,15.4,5.4,5.0,10.0,2.2,1.2,16.2,5.8,4.8,10.0,0
2023-03-06,Brentford,Fulham,H,1.4,0.4,10.6,3.0,3.6,9.0,0.8,0.4,10.2,3.8,3.2,8.0,0
2023-03-11,Crystal Palace,Man City,A,0.6,1.0,7.0,1.6,4.2,3.0,2.6,0.8,16.6,5.8,7.0,13.0,2
2023-03-11,Bournemouth,Liverpool,H,1.0,1.8,9.0,2.8,2.8,4.0,2.6,0.0,14.6,6.2,4.4,13.0,0
2023-03-11,Everton,Brentford,H,0.6,2.0,10.8,4.0,3.6,4.0,1.6,0.8,11.0,3.4,3.0,9.0,0
2023-03-11,Leeds,Brighton,D,0.6,1.2,11.4,2.8,6.4,4.0,1.6,0.8,18.2,6.6,7.2,8.0,1
2023-03-11,Leicester,Chelsea,A,1.6,1.6,11.0,3.0,2.8,6.0,0.4,0.8,12.8,3.4,5.8,5.0,2
2023-03-11,Tottenham,Nott'm Forest,H,1.2,1.0,13.6,4.4,5.0,9.0,0.8,1.8,7.6,2.2,2.0,5.0,0
2023-03-12,Newcastle,Wolves,H,0.4,1.2,11.6,4.4,7.0,3.0,0.8,1.0,9.2,2.8,4.6,7.0,0
2023-03-12,West Ham,Aston Villa,D,1.2,1.6,9.4,2.2,5.8,5.0,1.6,2.2,9.8,3.4,4.0,6.0,1
2023-03-12,Fulham,Arsenal,A,1.2,0.8,10.0,3.8,3.2,8.0,2.6,1.4,17.2,4.4,8.0,12.0,2
2023-03-12,Man United,Southampton,D,1.8,2.0,16.6,5.8,4.6,10.0,0.6,1.2,11.6,4.0,3.2,6.0,1
2023-03-15,Brighton,Crystal Palace,H,1.6,0.8,18.4,6.2,7.4,8.0,0.4,0.8,5.8,1.0,3.6,3.0,0
2023-03-15,Southampton,Brentford,A,0.6,0.6,12.2,3.6,4.0,7.0,1.6,1.0,12.2,4.2,4.0,8.0,2
2023-03-17,Nott'm Forest,Newcastle,A,0.8,2.4,8.2,2.8,4.0,2.0,0.8,1.4,12.2,4.6,6.0,5.0,2
2023-03-18,Chelsea,Everton,D,1.0,1.0,12.8,4.0,5.6,7.0,0.8,1.6,12.2,5.0,4.0,7.0,1
2023-03-18,Aston Villa,Bournemouth,H,1.4,1.6,8.4,3.4,2.2,7.0,1.2,1.6,7.6,2.8,2.8,7.0,0
2023-03-18,Brentford,Leicester,D,1.4,1.0,11.6,4.4,3.8,8.0,1.0,1.8,12.6,3.4,2.6,3.0,1
2023-03-18,Southampton,Tottenham,D,0.4,0.6,10.2,3.4,3.6,7.0,1.6,1.2,14.2,5.2,4.6,9.0,1
2023-03-18,Wolves,Leeds,A,0.6,1.2,8.4,3.2,4.8,4.0,0.6,1.2,12.2,3.2,6.2,4.0,2
2023-03-19,Arsenal,Crystal Palace,H,3.0,0.8,18.2,5.6,9.4,15.0,0.2,0.8,6.8,1.4,4.2,2.0,0
2023-04-01,Man City,Liverpool,H,2.2,0.6,16.0,4.8,6.6,13.0,2.2,0.2,14.6,6.2,5.4,10.0,0
2023-04-01,Arsenal,Leeds,H,3.0,0.6,17.2,5.6,8.6,15.0,1.4,1.2,11.2,2.8,5.6,7.0,0
2023-04-01,Bournemouth,Fulham,H,1.0,2.0,7.4,2.4,3.2,6.0,1.2,1.4,10.4,3.4,3.6,7.0,0
2023-04-01,Brighton,Brentford,D,1.6,0.8,16.6,6.0,6.2,8.0,1.4,1.0,12.0,4.4,4.6,8.0,1
2023-04-01,Crystal Palace,Leicester,H,0.2,1.4,6.4,1.4,3.8,1.0,0.4,1.8,12.4,2.2,3.2,1.0,0
2023-04-01,Nott'm Forest,Wolves,D,1.0,2.4,7.2,3.2,3.8,2.0,1.0,1.8,10.0,4.0,3.4,4.0,1
2023-04-01,Chelsea,Aston Villa,A,1.2,1.2,14.4,4.6,6.0,7.0,1.8,1.0,11.2,4.8,3.2,10.0,2
2023-04-02,Newcastle,Man United,H,1.0,1.4,13.6,5.0,6.6,7.0,1.4,1.8,15.8,5.6,5.0,8.0,0
2023-04-02,West Ham,Southampton,H,1.2,1.6,10.8,3.2,8.0,5.0,0.8,1.2,12.4,3.8,5.2,5.0,0
2023-04-03,Everton,Tottenham,D,1.0,2.0,11.6,4.4,3.2,5.0,2.0,1.0,15.4,5.0,4.2,10.0,1
2023-04-04,Chelsea,Liverpool,D,1.2,1.4,16.4,5.2,7.0,7.0,2.0,1.0,12.8,5.0,4.2,7.0,1
2023-04-04,Leicester,Aston Villa,A,0.6,1.6,9.2,2.0,2.2,1.0,1.8,0.2,10.8,4.2,3.2,13.0,2
2023-04-04,Bournemouth,Brighton,A,1.2,2.2,8.8,3.6,3.6,6.0,2.0,1.2,19.8,7.6,7.8,8.0,2
2023-04-04,Leeds,Nott'm Forest,H,1.6,1.8,11.0,3.8,5.4,7.0,1.0,2.4,9.8,4.4,4.6,2.0,0
2023-04-05,Man United,Brentford,H,1.0,1.8,12.2,4.4,4.6,7.0,1.8,1.4,11.0,4.4,4.2,8.0,0
2023-04-05,West Ham,Newcastle,A,1.2,1.4,11.2,3.2,8.0,7.0,1.2,1.2,15.0,4.8,6.8,9.0,2
2023-04-08,Wolves,Chelsea,H,1.0,1.8,10.0,3.8,3.4,4.0,1.2,1.0,16.8,5.4,6.8,8.0,0
2023-04-08,Man United,Everton,H,0.8,1.8,13.6,4.0,6.4,7.0,1.2,1.8,11.6,4.6,2.8,6.0,0
2023-04-08,Aston Villa,Nott'm Forest,H,1.8,0.4,12.0,4.2,4.6,13.0,1.2,2.0,10.8,4.0,4.8,2.0,0
2023-04-08,Brentford,Newcastle,A,1.2,1.2,9.4,3.4,4.4,5.0,2.2,1.0,15.2,5.6,6.8,12.0,2
2023-04-08,Fulham,West Ham,A,1.0,1.8,9.2,3.2,3.2,4.0,1.4,2.0,11.4,3.4,8.0,7.0,2
2023-04-08,Leicester,Bournemouth,A,0.8,1.8,10.8,2.8,3.0,1.0,1.0,1.8,9.0,3.8,3.8,6.0,2
2023-04-08,Tottenham,Brighton,H,1.8,1.2,13.8,4.2,4.0,8.0,2.4,1.0,18.8,7.4,6.8,11.0,0
2023-04-08,Southampton,Man City,A,0.8,1.2,12.6,4.0,5.4,5.0,2.4,0.6,17.6,5.2,7.4,13.0,2
2023-04-09,Leeds,Crystal Palace,A,1.8,2.0,12.4,4.2,5.8,7.0,0.6,1.6,11.4,3.2,4.8,3.0,2
2023-04-09,Liverpool,Arsenal,D,2.0,1.0,11.8,5.0,4.6,7.0,3.6,0.8,17.8,6.4,7.8,15.0,1
2023-04-15,Wolves,Brentford,H,1.2,1.4,11.0,4.4,4.6,7.0,1.4,1.4,9.4,3.8,4.0,5.0,0
2023-04-15,Tottenham,Bournemouth,A,1.8,1.4,14.0,4.2,3.8,8.0,0.8,1.2,12.0,4.4,4.8,9.0,2
2023-04-15,Southampton,Crystal Palace,A,0.8,2.0,11.2,3.2,4.8,2.0,1.6,1.6,14.0,4.8,4.8,6.0,2
2023-04-15,Man City,Leicester,H,3.0,0.6,15.0,5.6,7.4,15.0,0.8,1.8,11.4,3.6,3.4,1.0,0
2023-04-15,Chelsea,Brighton,A,1.0,1.2,16.8,5.0,7.4,5.0,1.8,1.4,18.2,6.4,6.8,8.0,2
2023-04-15,Aston Villa,Newcastle,H,2.0,0.4,12.0,4.6,4.4,13.0,2.6,0.8,16.2,6.0,7.0,15.0,0
2023-04-15,Everton,Fulham,A,1.2,1.4,13.0,3.8,3.4,6.0,0.8,2.0,11.4,3.4,5.0,1.0,2
2023-04-16,Nott'm Forest,Man United,A,0.8,2.0,10.0,3.6,5.8,1.0,0.6,1.8,14.2,4.6,7.2,7.0,2
2023-04-16,West Ham,Arsenal,D,0.8,2.0,9.6,3.4,6.4,7.0,3.2,1.2,16.6,6.4,7.6,13.0,1
2023-04-17,Leeds,Liverpool,A,2.0,2.8,12.4,5.2,4.8,7.0,2.0,1.4,13.0,5.0,4.6,5.0,2
2023-04-21,Arsenal,Southampton,D,3.0,1.2,12.6,5.6,4.6,11.0,0.8,2.4,10.0,3.2,4.4,1.0,1
2023-04-22,Fulham,Leeds,H,1.2,2.0,13.6,3.8,5.8,3.0,1.8,3.6,12.6,5.0,4.8,6.0,0
2023-04-22,Brentford,Aston Villa,D,1.0,1.8,9.2,3.4,3.8,2.0,2.4,0.2,12.8,5.0,5.4,15.0,1
2023-04-22,Crystal Palace,Everton,D,2.0,1.4,15.0,5.2,4.8,9.0,1.0,1.6,14.0,4.6,3.6,5.0,1
2023-04-22,Leicester,Wolves,H,0.8,1.8,10.0,3.0,3.4,1.0,1.4,1.4,11.6,5.2,4.8,7.0,0
2023-04-22,Liverpool,Nott'm Forest,H,1.8,1.6,12.0,4.8,4.2,5.0,0.6,1.8,9.4,2.6,4.6,1.0,0
2023-04-23,Bournemouth,West Ham,A,1.2,1.6,12.2,5.2,4.4,9.0,1.2,1.6,12.2,3.6,7.2,8.0,2
2023-04-23,Newcastle,Tottenham,H,2.2,1.2,14.0,4.8,5.4,12.0,2.2,1.8,14.6,4.6,3.8,8.0,0
2023-04-25,Wolves,Crystal Palace,H,1.4,1.4,13.4,5.0,5.6,7.0,2.0,1.2,15.2,5.0,5.6,10.0,0
2023-04-25,Aston Villa,Fulham,H,2.0,0.4,11.6,3.6,4.4,13.0,1.2,1.6,14.2,3.8,6.8,6.0,0
2023-04-25,Leeds,Leicester,D,1.2,3.6,12.4,4.6,5.2,3.0,1.0,1.8,10.2,4.4,2.8,3.0,1
2023-04-26,Nott'm Forest,Brighton,H,0.8,2.0,10.6,3.0,4.6,1.0,1.8,1.2,20.6,8.0,7.0,10.0,0
2023-04-26,Chelsea,Brentford,A,0.6,1.4,16.0,4.2,6.8,2.0,1.0,1.8,8.2,4.0,3.8,2.0,2
2023-04-26,West Ham,Liverpool,A,1.8,1.4,12.4,4.4,5.6,10.0,2.4,1.8,12.6,4.8,4.4,8.0,2
2023-04-26,Man City,Arsenal,H,2.8,0.6,13.4,5.4,7.4,15.0,3.0,1.8,14.6,5.4,4.4,9.0,0
2023-04-27,Everton,Newcastle,A,0.8,1.6,13.4,4.4,2.8,3.0,3.0,1.2,16.0,5.6,5.8,12.0,2
2023-04-27,Tottenham,Man United,D,1.8,2.8,13.8,3.8,4.0,5.0,1.0,0.4,17.0,5.4,8.4,10.0,1
2023-04-27,Southampton,Bournemouth,A,1.4,2.6,10.2,4.2,4.2,2.0,1.2,1.8,13.6,5.6,4.8,9.0,2
2023-04-29,Brighton,Wolves,H,1.8,1.8,21.8,8.4,8.2,7.0,1.4,0.6,10.6,4.0,5.8,10.0,0
2023-04-29,Brentford,Nott'm Forest,H,0.8,1.2,8.2,3.2,4.2,4.0,1.2,2.0,9.6,2.6,4.2,3.0,0
2023-04-29,Crystal Palace,West Ham,H,1.8,0.8,16.4,5.0,7.0,10.0,1.8,1.8,11.4,4.4,5.2,7.0,0
2023-04-30,Newcastle,Southampton,H,3.4,1.4,14.6,6.0,7.2,12.0,0.8,2.2,8.6,3.2,3.4,1.0,0
2023-04-30,Liverpool,Tottenham,H,2.6,1.2,15.8,5.4,5.4,11.0,1.6,2.6,14.0,4.6,4.6,5.0,0
2023-04-30,Man United,Aston Villa,H,1.4,0.8,18.4,6.2,8.6,10.0,1.8,0.4,13.4,3.8,5.6,13.0,0
2023-04-30,Bournemouth,Leeds,H,1.0,1.6,14.4,4.6,4.8,9.0,1.2,3.0,13.6,4.2,5.2,4.0,0
2023-04-30,Fulham,Man City,A,1.2,1.2,12.0,3.4,6.4,6.0,3.2,0.8,14.0,6.6,6.0,15.0,2
2023-05-01,Leicester,Everton,D,1.0,1.6,12.6,4.6,3.8,4.0,0.6,2.0,13.6,4.8,3.0,2.0,1
2023-05-02,Arsenal,Chelsea,H,2.4,2.4,13.2,4.8,4.0,6.0,0.2,1.4,15.0,3.6,6.2,1.0,0
2023-05-03,Liverpool,Fulham,H,3.4,1.8,16.8,5.4,5.4,13.0,1.2,1.2,10.8,3.2,6.2,6.0,0
2023-05-03,Man City,West Ham,H,3.4,1.0,13.6,7.6,5.8,15.0,2.2,1.6,11.6,4.8,4.8,7.0,0
2023-05-04,Brighton,Man United,H,2.4,1.2,19.6,7.0,5.8,9.0,1.6,0.4,20.0,7.2,8.0,13.0,0
2023-05-06,Liverpool,Brentford,H,3.2,1.4,15.6,4.8,5.8,15.0,1.2,1.2,9.8,4.6,4.8,7.0,0
2023-05-06,Wolves,Aston Villa,H,1.2,1.6,11.0,4.2,6.2,9.0,1.4,0.4,11.8,3.0,4.8,10.0,0
2023-05-06,Tottenham,Crystal Palace,H,2.0,3.2,14.4,5.6,4.4,4.0,2.2,1.2,13.4,4.4,6.6,10.0,0
2023-05-06,Bournemouth,Chelsea,A,1.8,1.4,14.0,5.4,4.2,12.0,0.4,1.6,11.0,2.8,4.0,1.0,2
2023-05-06,Man City,Leeds,H,3.2,0.8,13.4,7.4,5.6,15.0,1.0,3.6,12.4,4.2,4.2,1.0,0
2023-05-07,Newcastle,Arsenal,A,3.0,1.4,16.0,5.4,8.2,12.0,2.2,2.4,13.8,5.6,4.6,6.0,2
2023-05-07,West Ham,Man United,H,2.0,2.2,11.0,4.2,4.6,4.0,1.4,0.6,19.6,7.6,6.8,10.0,0
2023-05-08,Fulham,Leicester,H,1.2,1.2,9.4,3.2,5.0,6.0,1.2,1.6,13.8,5.0,3.4,5.0,0
2023-05-08,Brighton,Everton,A,2.2,1.2,20.8,7.0,6.4,9.0,0.8,2.2,15.2,5.2,4.2,2.0,2
2023-05-08,Nott'm Forest,Southampton,H,1.2,2.0,8.0,3.0,3.4,3.0,1.0,2.6,7.6,3.2,3.2,1.0,0
2023-05-13,Crystal Palace,Bournemouth,H,1.2,1.2,11.6,3.2,6.6,7.0,1.8,2.0,12.2,4.8,4.4,9.0,0
2023-05-13,Southampton,Fulham,A,1.4,2.6,10.6,4.0,5.4,1.0,1.6,1.6,8.6,3.2,3.8,6.0,2
2023-05-13,Man United,Wolves,H,1.0,0.8,17.6,6.2,6.0,7.0,1.2,1.6,10.4,3.8,5.6,9.0,0
2023-05-13,Chelsea,Nott'm Forest,D,1.0,1.8,10.8,3.2,4.8,3.0,2.0,2.2,8.6,3.4,2.2,6.0,1
2023-05-13,Aston Villa,Tottenham,H,1.0,0.6,13.4,3.0,5.8,7.0,1.8,3.0,14.2,5.6,5.4,4.0,0
2023-05-13,Leeds,Newcastle,D,1.0,3.0,11.0,3.2,4.0,1.0,2.6,1.6,16.4,5.6,9.0,9.0,1
2023-05-14,Brentford,West Ham,H,1.0,1.0,8.4,3.6,4.2,7.0,1.8,1.8,10.8,4.4,4.2,6.0,0
2023-05-14,Everton,Man City,A,1.8,2.0,14.2,6.0,3.6,5.0,2.8,0.8,14.4,7.0,5.6,15.0,2
2023-05-14,Arsenal,Brighton,A,2.2,2.0,14.0,5.8,4.6,8.0,2.2,1.8,22.0,7.2,8.0,9.0,2
2023-05-15,Leicester,Liverpool,A,1.8,2.4,14.6,6.0,3.6,5.0,2.2,1.2,16.0,4.4,6.8,15.0,2
2023-05-18,Newcastle,Brighton,H,3.0,1.4,18.4,6.2,9.8,10.0,2.4,1.6,19.2,6.4,6.8,9.0,0
2023-05-20,Tottenham,Brentford,A,1.6,2.8,10.4,4.4,4.4,4.0,1.4,0.6,11.2,5.0,5.2,10.0,2
2023-05-20,Bournemouth,Man United,A,1.2,2.0,12.0,3.6,4.6,6.0,1.0,0.8,18.6,6.4,6.4,7.0,2
2023-05-20,Fulham,Crystal Palace,D,1.6,1.4,8.0,3.0,3.8,6.0,1.2,1.2,13.2,3.8,8.4,7.0,1
2023-05-20,Liverpool,Aston Villa,D,2.2,0.8,15.6,4.2,5.8,15.0,0.8,0.8,11.8,2.6,6.0,7.0,1
2023-05-20,Wolves,Everton,D,0.8,2.0,9.2,2.0,6.0,6.0,1.6,2.0,12.6,5.2,4.4,5.0,1
2023-05-20,Nott'm Forest,Arsenal,H,2.4,2.2,9.6,3.8,2.4,7.0,1.8,2.2,14.6,5.2,5.2,7.0,0
2023-05-21,West Ham,Leeds,H,1.0,2.2,8.0,3.2,4.2,3.0,1.2,2.2,10.2,3.4,3.6,2.0,0
2023-05-21,Brighton,Southampton,H,2.4,1.8,17.4,5.4,5.6,9.0,1.4,2.6,9.4,3.4,4.4,1.0,0
2023-05-21,Man City,Chelsea,H,2.8,0.6,13.8,7.0,5.6,15.0,1.4,2.0,11.0,4.2,3.6,4.0,0
2023-05-22,Newcastle,Leicester,D,2.6,1.4,17.8,6.4,9.2,10.0,1.6,2.4,13.4,6.0,4.0,5.0,1
2023-05-24,Brighton,Man City,D,1.8,2.0,18.2,5.4,6.0,9.0,2.2,0.4,14.0,5.6,6.4,15.0,1
2023-05-25,Man United,Chelsea,H,0.8,0.4,19.2,5.8,6.0,9.0,1.2,1.8,12.0,5.0,3.6,4.0,0
2023-05-28,Man United,Fulham,H,1.4,0.6,20.0,6.4,6.4,9.0,2.0,1.6,10.0,3.8,4.8,7.0,0
2023-05-28,Leicester,West Ham,H,1.2,2.2,10.6,4.6,4.0,3.0,1.4,2.0,10.4,4.6,5.4,6.0,0
2023-05-28,Leeds,Tottenham,A,1.2,2.4,10.6,3.6,3.4,2.0,1.6,2.2,12.6,5.4,5.4,4.0,2
2023-05-28,Everton,Bournemouth,H,1.8,2.2,14.4,5.0,5.6,5.0,1.2,1.4,10.6,3.4,3.6,6.0,0
2023-05-28,Aston Villa,Brighton,H,0.8,0.8,10.2,2.8,6.0,7.0,1.8,2.2,17.8,5.6,5.4,7.0,0
2023-05-28,Chelsea,Newcastle,D,1.4,2.2,11.8,5.2,3.4,4.0,1.8,1.2,19.4,5.6,8.8,8.0,1
2023-05-28,Southampton,Liverpool,D,1.0,2.6,8.8,2.4,4.6,0.0,2.0,0.8,13.6,4.4,6.4,13.0,1
2023-05-28,Arsenal,Wolves,H,1.2,1.8,11.8,4.6,5.0,6.0,0.8,1.8,8.6,2.4,4.8,7.0,0
2023-05-28,Crystal Palace,Nott'm Forest,D,1.6,1.6,13.0,4.4,7.6,7.0,2.2,1.6,8.6,3.2,2.4,10.0,1
2023-05-28,Brentford,Man City,H,1.8,0.6,12.2,4.8,4.0,12.0,2.0,0.4,14.2,4.6,5.6,13.0,0
2023-08-11,Burnley,Man City,A,1.0,1.6,12.2,4.6,5.2,4.0,1.4,0.6,14.4,3.8,5.2,10.0,2
2023-08-12,Arsenal,Nott'm Forest,H,2.0,1.0,13.0,5.8,6.0,9.0,1.8,1.6,7.6,3.0,2.8,8.0,0
2023-08-12,Bournemouth,West Ham,D,1.0,1.6,8.8,3.4,3.4,3.0,1.0,1.6,12.0,4.4,5.4,6.0,1
2023-08-12,Everton,Fulham,A,1.8,1.4,14.4,5.2,6.8,8.0,2.0,1.6,11.2,4.2,5.2,7.0,2
2023-08-12,Sheffield United,Crystal Palace,A,0.4,1.4,9.6,1.6,5.0,6.0,1.8,1.4,13.4,4.4,6.4,8.0,2
2023-08-12,Newcastle,Aston Villa,H,1.4,1.2,17.6,5.4,7.2,6.0,1.0,1.0,9.8,3.2,5.2,7.0,0
2023-08-13,Chelsea,Liverpool,D,1.4,1.8,14.8,5.4,5.0,5.0,2.0,1.0,17.2,5.2,7.2,11.0,1
2023-08-13,Brentford,Tottenham,D,1.6,0.6,13.0,5.4,4.2,12.0,2.0,2.0,11.2,5.4,4.8,6.0,1
2023-08-14,Man United,Wolves,H,1.8,0.6,21.0,7.0,6.2,12.0,0.4,2.8,8.0,1.8,4.4,4.0,0
2023-08-18,Nott'm Forest,Sheffield United,H,1.8,1.6,7.8,2.8,3.4,8.0,0.4,0.8,9.6,1.6,4.8,6.0,0
2023-08-19,Liverpool,Bournemouth,H,2.0,1.2,16.8,4.8,6.6,9.0,0.4,1.6,9.2,3.0,5.0,1.0,0
2023-08-19,Wolves,Brighton,A,0.4,1.8,10.6,2.6,4.8,4.0,2.0,1.8,17.8,6.6,3.8,7.0,2
2023-08-19,Tottenham,Man United,H,1.8,1.6,12.8,5.2,5.6,7.0,2.0,0.4,20.2,6.8,6.6,15.0,0
2023-08-19,Fulham,Brentford,A,2.2,1.4,11.2,4.0,5.0,10.0,1.6,0.8,12.4,5.0,3.6,10.0,2
2023-08-19,Man City,Newcastle,H,1.6,0.4,14.2,4.2,4.2,10.0,2.4,1.0,18.6,7.0,6.6,9.0,0
2023-08-20,Aston Villa,Everton,H,1.2,1.8,11.6,4.2,5.4,7.0,1.4,1.2,13.6,5.4,7.0,7.0,0
2023-08-20,West Ham,Chelsea,H,1.2,1.2,14.0,4.6,5.6,7.0,1.0,1.8,14.6,5.2,4.4,3.0,0
2023-08-21,Crystal Palace,Arsenal,A,1.2,0.8,15.0,4.8,5.8,8.0,1.8,1.0,12.8,5.2,6.2,9.0,2
2023-08-26,Bournemouth,Tottenham,A,0.4,1.6,9.8,3.2,4.0,1.0,2.0,1.6,14.6,5.8,5.0,7.0,2
2023-08-26,Arsenal,Fulham,D,1.6,1.0,13.6,4.6,7.0,9.0,1.2,1.4,9.8,3.0,5.6,7.0,1
2023-08-26,Brentford,Crystal Palace,D,2.2,0.6,14.8,6.4,4.0,13.0,1.2,0.8,16.4,4.8,5.2,8.0,1
2023-08-26,Everton,Wolves,A,0.4,1.8,13.4,4.8,8.0,4.0,0.4,2.6,12.6,3.2,4.8,1.0,2
2023-08-26,Man United,Nott'm Forest,H,1.6,0.8,19.2,6.2,5.6,12.0,1.4,1.2,9.2,2.8,4.2,8.0,0
2023-08-26,Brighton,West Ham,A,2.6,1.2,19.4,7.8,4.2,10.0,1.6,1.4,13.4,5.0,5.2,7.0,2
2023-08-27,Sheffield United,Man City,A,0.6,0.8,9.6,2.2,5.2,6.0,1.2,0.4,15.2,4.2,3.6,10.0,2
2023-08-27,Burnley,Aston Villa,A,0.6,2.0,10.0,3.6,5.2,1.0,2.0,1.6,11.0,5.0,5.6,10.0,2
2023-08-27,Newcastle,Liverpool,A,2.0,0.8,16.4,6.2,5.4,8.0,2.4,1.4,19.0,5.8,7.2,9.0,2
2023-09-02,Sheffield United,Everton,D,0.6,1.2,8.8,2.0,4.6,3.0,0.4,1.4,15.0,5.6,7.8,4.0,1
2023-09-02,Brentford,Bournemouth,D,2.0,0.8,12.4,4.6,4.2,11.0,0.4,1.6,11.0,3.8,4.8,1.0,1
2023-09-02,Burnley,Tottenham,A,0.6,2.0,9.0,2.8,5.2,1.0,2.2,1.2,17.0,6.6,4.8,10.0,2
2023-09-02,Chelsea,Nott'm Forest,A,1.4,1.8,16.4,5.2,6.6,5.0,1.4,1.4,8.8,3.2,3.8,7.0,2
2023-09-02,Man City,Fulham,H,1.4,0.6,18.2,5.6,5.0,10.0,1.2,1.8,9.6,2.8,4.6,5.0,0
2023-09-02,Brighton,Newcastle,H,2.2,1.6,19.2,8.2,6.8,7.0,1.4,1.0,16.6,6.0,5.2,5.0,0
2023-09-03,Crystal Palace,Wolves,H,1.0,1.0,16.0,4.8,4.2,6.0,0.6,2.2,13.8,3.6,3.4,4.0,0
2023-09-03,Liverpool,Aston Villa,H,2.2,1.6,17.6,5.6,8.2,9.0,2.2,1.6,12.6,5.4,5.2,10.0,0
2023-09-03,Arsenal,Man United,H,2.0,0.8,14.6,6.4,7.6,10.0,2.0,1.2,18.8,7.0,6.6,12.0,0
2023-09-16,Newcastle,Brentford,H,1.6,1.6,13.8,5.6,3.4,4.0,1.8,1.0,14.4,5.2,4.8,9.0,0
2023-09-16,West Ham,Man City,A,2.0,1.2,13.0,3.6,4.4,10.0,2.2,0.6,17.0,5.8,5.6,12.0,2
2023-09-16,Aston Villa,Crystal Palace,H,2.0,2.0,13.2,5.4,5.0,9.0,1.2,1.0,17.0,6.0,4.2,8.0,0
2023-09-16,Man United,Brighton,A,1.4,1.6,17.2,5.6,6.6,9.0,2.6,1.6,18.2,8.0,6.8,9.0,2
2023-09-16,Wolves,Liverpool,A,0.8,2.6,13.6,3.4,3.6,3.0,2.6,1.4,19.0,5.4,7.8,11.0,2
2023-09-16,Tottenham,Sheffield United,H,3.0,1.0,16.6,7.0,4.0,13.0,1.0,1.4,9.2,3.4,5.0,4.0,0
2023-09-17,Bournemouth,Chelsea,D,0.8,1.8,11.4,4.0,4.6,2.0,1.2,1.2,17.8,4.6,7.4,5.0,1
2023-09-17,Everton,Arsenal,A,0.6,1.6,14.4,6.0,7.6,4.0,2.6,0.8,15.8,6.8,8.8,13.0,2
2023-09-18,Nott'm Forest,Burnley,D,1.4,1.4,9.0,3.4,3.2,7.0,1.0,2.8,10.6,3.4,6.2,1.0,1
2023-09-23,Burnley,Man United,A,1.0,2.8,10.6,3.0,5.8,1.0,1.2,2.0,15.8,4.8,7.2,6.0,2
2023-09-23,Man City,Nott'm Forest,H,2.8,0.6,19.4,8.2,7.0,15.0,1.4,1.4,10.4,3.4,3.4,7.0,0
2023-09-23,Crystal Palace,Fulham,D,1.2,1.4,15.0,5.8,3.6,7.0,1.0,2.0,9.2,2.6,4.6,7.0,1
2023-09-23,Brentford,Everton,A,1.6,1.2,14.4,4.8,4.8,6.0,0.4,1.8,13.4,5.0,6.0,1.0,2
2023-09-24,Arsenal,Tottenham,D,1.8,0.8,15.6,6.0,9.4,13.0,2.6,1.0,20.0,7.6,6.4,13.0,1
2023-09-24,Brighton,Bournemouth,H,3.0,1.4,18.6,8.8,6.4,12.0,0.8,1.6,12.6,4.4,4.2,3.0,0
2023-09-24,Chelsea,Aston Villa,A,1.0,1.0,16.2,4.8,6.8,5.0,2.2,2.0,14.0,5.4,5.0,9.0,2
2023-09-24,Liverpool,West Ham,H,2.4,0.8,16.2,5.0,6.8,13.0,2.0,1.4,11.0,3.6,4.2,10.0,0
2023-09-24,Sheffield United,Newcastle,A,1.0,1.8,8.2,3.8,3.8,1.0,1.6,1.4,13.0,5.2,4.4,6.0,2
2023-09-30,Tottenham,Liverpool,H,2.6,1.0,19.0,7.4,6.0,13.0,2.8,0.8,18.0,6.2,7.4,15.0,0
2023-09-30,Wolves,Man City,H,1.2,2.2,10.6,3.2,2.4,4.0,2.6,0.6,17.4,7.4,7.2,15.0,0
2023-09-30,West Ham,Sheffield United,H,2.0,1.8,10.0,3.8,4.2,9.0,1.0,3.2,8.4,3.8,3.2,1.0,0
2023-09-30,Man United,Crystal Palace,A,1.2,2.0,15.0,5.0,6.6,6.0,1.0,1.4,11.6,4.8,3.2,5.0,2
2023-09-30,Everton,Luton,A,1.0,1.8,13.2,4.4,4.8,4.0,0.6,2.2,12.6,2.2,6.4,1.0,2
2023-09-30,Bournemouth,Arsenal,A,0.8,2.0,12.2,4.2,3.0,2.0,1.8,1.0,15.2,5.8,10.0,11.0,2
2023-09-30,Aston Villa,Brighton,H,2.2,1.0,13.8,5.6,6.2,12.0,2.8,1.4,15.8,7.2,6.0,12.0,0
2023-09-30,Newcastle,Burnley,H,2.2,1.2,14.0,5.6,4.4,6.0,0.8,2.6,10.6,2.8,6.0,1.0,0
2023-10-01,Nott'm Forest,Brentford,D,1.2,1.4,11.2,3.6,4.0,7.0,1.4,1.4,14.6,4.0,4.4,5.0,1
2023-10-02,Fulham,Chelsea,A,0.8,2.0,9.4,3.2,4.2,5.0,0.8,1.0,16.2,4.8,7.0,4.0,2
2023-10-03,Luton,Burnley,A,0.8,1.6,12.6,2.0,6.2,4.0,0.8,2.4,11.0,3.0,5.4,1.0,2
2023-10-07,Man United,Brentford,H,1.2,1.8,14.4,4.6,7.4,6.0,1.0,1.6,14.8,3.4,5.6,3.0,0
2023-10-07,Crystal Palace,Nott'm Forest,D,1.2,1.2,10.4,4.8,3.8,8.0,1.0,1.4,9.2,3.0,3.0,5.0,1
2023-10-07,Everton,Bournemouth,H,1.2,1.4,16.0,5.0,4.2,4.0,0.6,2.2,11.2,3.4,3.8,2.0,0
2023-10-07,Burnley,Chelsea,A,1.0,2.0,12.0,3.4,5.8,4.0,1.0,0.4,15.0,4.8,5.4,7.0,2
2023-10-07,Luton,Tottenham,A,1.0,1.4,14.0,2.4,6.8,4.0,2.6,1.2,20.4,7.8,7.4,13.0,2
2023-10-07,Fulham,Sheffield United,H,0.8,1.8,9.4,3.4,4.8,5.0,0.8,3.2,10.2,3.6,2.6,1.0,0
2023-10-08,Brighton,Liverpool,D,2.2,2.4,14.8,6.2,6.0,9.0,2.4,1.0,15.2,5.0,6.4,12.0,1
2023-10-08,West Ham,Newcastle,D,1.8,1.6,11.6,4.4,5.0,9.0,2.6,1.0,16.6,7.0,5.4,9.0,1
2023-10-08,Wolves,Aston Villa,D,1.4,1.6,8.0,2.4,1.4,7.0,2.6,1.2,15.0,6.0,5.0,12.0,1
2023-10-08,Arsenal,Man City,H,2.4,1.0,15.4,6.8,9.6,11.0,2.6,1.0,19.2,8.2,7.8,12.0,0
2023-10-21,Sheffield United,Man United,A,0.8,3.4,10.0,3.6,3.2,1.0,1.0,1.6,15.0,4.4,6.6,6.0,2
2023-10-21,Chelsea,Arsenal,D,1.2,0.6,13.0,4.2,4.8,7.0,2.2,0.6,14.0,5.0,9.0,13.0,1
2023-10-21,Nott'm Forest,Luton,D,0.6,0.8,10.6,3.2,3.8,6.0,0.8,1.2,13.2,2.6,6.0,4.0,1
2023-10-21,Man City,Brighton,H,2.2,1.0,14.0,6.6,6.2,9.0,2.4,2.2,12.6,4.8,4.2,10.0,0
2023-10-21,Brentford,Burnley,H,1.0,1.8,14.6,3.8,5.0,2.0,0.8,1.8,10.8,3.2,5.8,4.0,0
2023-10-21,Bournemouth,Wolves,A,0.6,2.4,11.2,3.6,4.0,2.0,1.4,1.8,7.4,2.6,1.8,5.0,2
2023-10-21,Liverpool,Everton,H,2.4,1.2,16.2,5.0,4.8,10.0,1.8,1.2,18.0,5.2,4.4,7.0,0
2023-10-21,Newcastle,Crystal Palace,H,2.8,1.0,14.0,6.0,4.8,10.0,1.0,1.0,9.0,4.2,3.2,8.0,0
2023-10-22,Aston Villa,West Ham,H,2.2,1.2,15.4,5.6,5.8,10.0,1.6,1.8,10.2,4.4,5.0,7.0,0
2023-10-23,Tottenham,Fulham,H,2.4,1.2,20.0,7.4,8.2,13.0,1.0,1.6,11.8,4.0,6.0,7.0,0
2023-10-27,Crystal Palace,Tottenham,A,0.4,1.4,9.2,2.6,4.0,5.0,1.8,0.8,19.0,6.4,8.0,13.0,2
2023-10-28,Chelsea,Brentford,A,1.6,0.8,11.0,4.8,3.6,8.0,1.2,1.4,15.0,4.4,5.0,4.0,2
2023-10-28,Arsenal,Sheffield United,H,2.0,0.8,13.2,4.6,8.0,11.0,0.6,3.4,9.8,3.2,3.4,0.0,0
2023-10-28,Bournemouth,Burnley,H,0.4,2.4,10.2,3.4,4.2,1.0,0.6,2.2,10.0,2.8,6.0,3.0,0
2023-10-28,Wolves,Newcastle,D,1.4,1.4,9.0,3.2,3.8,8.0,3.4,0.4,14.2,7.0,5.4,13.0,1
2023-10-29,Man United,Man City,A,1.2,1.2,15.8,5.0,6.8,9.0,1.6,1.0,14.6,6.8,5.8,9.0,2
2023-10-29,Aston Villa,Luton,H,3.0,0.8,16.6,6.4,6.8,13.0,1.2,1.4,14.4,3.0,6.0,5.0,0
2023-10-29,Brighton,Fulham,D,2.0,2.4,10.6,4.2,3.6,7.0,0.8,1.0,12.6,3.8,6.0,7.0,1
2023-10-29,West Ham,Everton,A,1.4,2.4,11.2,4.6,5.2,4.0,1.4,1.2,16.0,4.2,4.0,6.0,2
2023-10-29,Liverpool,Nott'm Forest,H,2.2,1.2,18.0,5.4,5.8,10.0,0.8,1.2,13.0,4.2,4.6,4.0,0
2023-11-04,Fulham,Man United,A,0.8,1.2,12.0,4.4,5.4,5.0,1.0,1.2,14.4,4.8,6.6,9.0,2
2023-11-04,Brentford,West Ham,H,1.6,1.2,14.2,5.0,4.6,7.0,1.2,2.0,12.4,4.4,5.2,4.0,0
2023-11-04,Burnley,Crystal Palace,A,0.8,2.4,8.8,2.6,5.2,3.0,0.4,1.2,10.6,2.6,5.8,5.0,2
2023-11-04,Everton,Brighton,D,1.6,1.0,16.4,4.8,4.4,9.0,1.6,2.4,12.2,4.0,4.8,5.0,1
2023-11-04,Man City,Bournemouth,H,1.6,0.8,13.0,5.8,6.0,9.0,0.8,2.6,10.2,3.8,6.0,3.0,0
2023-11-04,Sheffield United,Wolves,H,0.4,4.0,8.8,2.2,3.2,0.0,1.6,1.2,9.0,4.0,4.6,9.0,0
2023-11-04,Newcastle,Arsenal,H,3.6,0.8,15.0,7.6,5.2,11.0,2.8,0.8,13.2,5.4,7.0,11.0,0
2023-11-05,Nott'm Forest,Aston Villa,H,0.6,1.6,12.0,3.6,4.2,3.0,3.0,0.8,16.8,6.6,7.2,13.0,0
2023-11-05,Luton,Liverpool,D,1.2,1.8,11.8,2.4,4.8,4.0,2.2,1.0,19.0,5.8,6.6,10.0,1
2023-11-06,Tottenham,Chelsea,A,1.8,0.8,15.4,4.6,5.4,13.0,1.6,1.2,11.6,4.0,4.2,7.0,2
2023-11-11,Bournemouth,Newcastle,H,0.8,3.2,8.8,3.2,5.4,3.0,2.2,0.8,12.4,5.0,4.0,11.0,0
2023-11-11,Arsenal,Burnley,H,2.4,0.6,13.4,4.4,7.0,10.0,0.8,2.4,10.6,3.2,7.0,3.0,0
2023-11-11,Crystal Palace,Everton,A,0.8,1.2,10.0,2.6,5.4,7.0,1.2,1.0,14.8,4.4,4.2,7.0,2
2023-11-11,Wolves,Tottenham,H,1.6,1.4,10.4,4.0,5.2,8.0,1.6,1.2,14.4,4.6,4.8,12.0,0
2023-11-11,Man United,Luton,H,1.0,1.2,14.6,5.0,6.4,9.0,1.0,1.8,11.6,3.0,4.4,2.0,0
2023-11-12,Aston Villa,Fulham,H,2.8,1.2,16.4,5.8,7.0,10.0,0.8,1.4,13.6,4.0,6.8,4.0,0
2023-11-12,Brighton,Sheffield United,D,1.2,2.4,11.0,3.6,4.6,3.0,0.8,2.6,9.2,2.4,3.6,3.0,1
2023-11-12,Liverpool,Brentford,H,1.8,1.0,19.4,5.6,6.6,8.0,2.0,1.0,15.0,5.4,5.2,10.0,0
2023-11-12,West Ham,Nott'm Forest,H,1.4,2.0,12.6,4.0,5.0,4.0,1.0,1.2,11.0,3.6,3.0,6.0,0
2023-11-12,Chelsea,Man City,D,2.4,1.2,13.0,4.8,4.4,10.0,2.4,1.0,15.8,6.6,7.2,9.0,1
2023-11-25,Brentford,Arsenal,A,1.8,1.4,14.6,5.0,4.6,9.0,2.2,0.8,13.6,4.0,6.4,10.0,2
2023-11-25,Sheffield United,Bournemouth,A,1.0,2.4,7.8,2.2,3.4,4.0,1.2,2.4,11.0,5.0,5.4,6.0,2
2023-11-25,Luton,Crystal Palace,H,0.8,1.6,10.0,3.2,3.6,2.0,1.0,1.8,11.0,3.0,6.4,4.0,0
2023-11-25,Newcastle,Chelsea,H,1.8,1.2,10.0,4.4,4.0,8.0,2.8,2.0,14.2,5.8,4.8,8.0,0
2023-11-25,Burnley,West Ham,A,0.6,2.8,9.4,3.4,6.4,0.0,1.6,2.4,11.8,3.4,5.4,4.0,2
2023-11-25,Nott'm Forest,Brighton,A,1.2,1.6,11.8,4.4,3.6,5.0,1.2,1.4,11.0,4.2,5.2,4.0,2
2023-11-25,Man City,Liverpool,D,3.0,1.4,14.2,7.0,6.6,10.0,2.2,0.6,20.4,6.8,6.8,11.0,1
2023-11-26,Tottenham,Aston Villa,A,1.4,1.4,10.8,3.4,3.0,9.0,2.2,1.2,15.0,5.2,7.2,10.0,2
2023-11-26,Everton,Man United,A,1.6,1.0,11.8,4.2,4.0,10.0,1.2,1.0,13.8,5.0,6.6,12.0,2
2023-11-27,Fulham,Wolves,H,1.0,1.6,13.4,4.4,5.6,4.0,1.6,1.4,13.2,4.6,7.4,8.0,0
2023-12-02,Arsenal,Wolves,H,2.2,0.8,14.2,4.4,7.0,10.0,1.8,1.8,13.6,5.2,7.4,7.0,0
2023-12-02,Brentford,Luton,H,1.6,1.2,14.2,5.0,3.8,9.0,1.2,1.6,9.2,3.4,3.4,5.0,0
2023-12-02,Burnley,Sheffield United,H,0.6,2.4,9.6,3.8,5.8,0.0,1.0,2.4,8.8,2.2,3.4,4.0,0
2023-12-02,Nott'm Forest,Everton,A,1.6,2.2,12.2,4.4,3.4,4.0,1.0,1.6,11.6,3.8,3.6,7.0,2
2023-12-02,Newcastle,Man United,H,2.2,1.0,10.8,4.8,4.4,10.0,1.4,0.8,11.4,4.2,6.2,12.0,0
2023-12-03,Man City,Tottenham,D,3.2,1.4,16.6,7.8,7.6,11.0,1.4,1.8,11.4,4.2,3.6,6.0,1
2023-12-03,Bournemouth,Aston Villa,D,1.8,2.0,13.4,6.4,5.4,9.0,2.4,1.2,14.4,5.4,5.8,12.0,1
2023-12-03,Liverpool,Fulham,H,2.0,0.4,19.2,6.6,7.8,11.0,1.0,1.8,11.8,4.4,5.0,4.0,0
2023-12-03,Chelsea,Brighton,H,2.2,2.6,13.8,5.6,4.6,5.0,1.4,1.4,10.4,4.6,4.4,6.0,0
2023-12-03,West Ham,Crystal Palace,D,1.6,2.2,13.0,3.4,5.6,6.0,1.2,2.2,12.6,4.2,6.8,3.0,1
2023-12-05,Wolves,Burnley,H,1.6,2.0,10.8,4.4,5.0,4.0,1.6,1.8,12.2,5.0,6.0,3.0,0
2023-12-05,Luton,Arsenal,A,1.0,1.8,8.0,2.8,4.0,4.0,2.2,0.6,15.4,5.0,6.4,12.0,2
2023-12-06,Man United,Chelsea,H,1.0,0.8,10.2,3.4,6.0,9.0,2.4,2.6,13.2,5.6,5.2,7.0,0
2023-12-06,Aston Villa,Man City,H,2.0,1.4,13.6,4.6,5.6,10.0,3.4,1.8,18.2,7.4,9.2,9.0,0
2023-12-06,Fulham,Nott'm Forest,H,1.6,2.2,11.6,4.8,4.8,4.0,1.2,2.0,11.0,3.2,3.4,3.0,0
2023-12-06,Crystal Palace,Bournemouth,A,1.4,1.6,11.0,4.0,5.8,4.0,2.0,2.0,15.0,7.0,6.2,10.0,2
2023-12-06,Brighton,Brentford,H,1.6,1.6,13.0,5.8,5.6,6.0,1.6,1.4,15.0,4.2,4.2,9.0,0
2023-12-06,Sheffield United,Liverpool,A,0.8,3.0,7.6,1.6,2.6,4.0,2.4,1.0,19.2,7.8,6.0,11.0,2
2023-12-07,Everton,Newcastle,H,1.2,1.2,12.8,4.2,3.4,10.0,1.6,1.0,13.2,4.2,4.6,10.0,0
2023-12-07,Tottenham,West Ham,A,1.6,2.4,10.0,4.0,4.6,4.0,1.6,1.6,12.0,3.2,4.6,7.0,2
2023-12-09,Crystal Palace,Liverpool,A,1.2,1.6,11.6,4.0,4.2,4.0,2.2,1.0,18.0,7.8,6.8,11.0,2
2023-12-09,Brighton,Burnley,D,1.8,1.6,13.0,5.8,5.6,8.0,1.4,1.6,13.4,5.0,6.6,3.0,1
2023-12-09,Man United,Bournemouth,A,1.4,0.4,14.4,4.6,7.0,12.0,2.0,1.8,14.6,6.6,6.0,10.0,2
2023-12-09,Sheffield United,Brentford,H,0.8,2.4,8.4,1.8,2.8,4.0,1.4,1.8,15.2,3.6,4.6,6.0,0
2023-12-09,Wolves,Nott'm Forest,D,1.4,1.6,10.0,4.0,4.6,6.0,1.2,2.4,10.0,3.2,3.0,3.0,1
2023-12-09,Aston Villa,Arsenal,H,1.6,1.2,14.6,4.8,5.6,10.0,2.0,1.2,17.4,5.2,6.8,12.0,0
2023-12-10,Tottenham,Newcastle,H,1.4,2.6,12.6,5.2,5.8,1.0,1.2,1.2,13.2,3.8,3.6,9.0,0
2023-12-10,Luton,Man City,A,1.4,2.0,7.8,3.4,3.8,4.0,2.8,2.0,14.4,5.8,6.8,6.0,2
2023-12-10,Fulham,West Ham,H,2.4,2.0,12.4,5.0,5.4,6.0,2.0,1.6,11.8,3.8,4.6,10.0,0
2023-12-10,Everton,Chelsea,H,1.6,1.2,15.0,4.6,3.8,10.0,2.6,2.6,12.4,5.8,4.0,7.0,0
2023-12-15,Nott'm Forest,Tottenham,A,1.0,2.6,10.6,3.0,3.6,1.0,2.0,2.0,15.6,6.6,6.2,4.0,2
2023-12-16,Chelsea,Sheffield United,H,1.8,2.8,12.2,5.0,4.4,4.0,0.6,2.2,8.0,2.2,2.6,4.0,0
2023-12-16,Man City,Crystal Palace,D,2.0,2.0,13.8,5.4,5.0,6.0,1.0,2.0,12.4,4.2,5.2,1.0,1
2023-12-16,Newcastle,Fulham,H,1.2,2.0,13.2,4.0,4.8,6.0,3.4,1.8,11.6,6.0,4.2,9.0,0
2023-12-16,Burnley,Everton,A,1.6,1.4,11.2,4.6,4.4,4.0,1.8,1.0,14.8,4.8,4.0,12.0,2
2023-12-17,Liverpool,Man United,D,2.4,1.0,16.0,7.0,6.4,13.0,1.2,1.0,16.0,4.2,8.2,9.0,1
2023-12-17,Brentford,Aston Villa,A,0.8,1.6,14.0,3.6,4.6,3.0,1.8,0.8,14.0,4.8,4.2,13.0,2
2023-12-17,Arsenal,Brighton,H,2.0,1.2,17.0,6.0,5.2,12.0,1.8,1.6,17.4,7.6,6.8,8.0,0
2023-12-17,West Ham,Wolves,H,1.6,2.0,11.2,4.4,5.2,10.0,1.4,1.4,10.0,4.2,4.6,7.0,0
2023-12-21,Crystal Palace,Brighton,D,1.0,1.8,10.8,3.8,3.6,2.0,1.6,1.8,16.4,6.6,5.8,7.0,1
2023-12-22,Aston Villa,Sheffield United,D,1.6,0.8,14.6,4.6,6.2,13.0,0.4,2.4,7.4,2.2,3.2,3.0,1
2023-12-23,West Ham,Man United,H,1.6,1.6,10.6,4.0,4.6,10.0,1.0,1.0,14.2,3.6,6.0,7.0,0
2023-12-23,Fulham,Burnley,A,3.2,1.8,11.0,5.8,4.0,9.0,1.4,1.2,12.4,4.0,5.4,4.0,2
2023-12-23,Luton,Newcastle,H,1.4,2.2,7.0,2.8,4.2,3.0,1.8,1.6,17.0,5.0,4.8,9.0,0
2023-12-23,Nott'm Forest,Bournemouth,A,0.6,2.4,11.6,2.2,4.0,1.0,2.4,0.6,15.6,7.2,6.6,13.0,2
2023-12-23,Tottenham,Everton,H,2.2,1.6,16.8,7.4,6.4,7.0,1.6,0.6,15.0,5.2,4.8,12.0,0
2023-12-23,Liverpool,Arsenal,D,1.8,1.0,19.4,6.6,7.6,11.0,1.8,1.0,19.0,6.6,6.6,12.0,1
2023-12-24,Wolves,Chelsea,H,1.0,1.8,9.4,4.0,3.6,4.0,1.4,2.0,11.8,4.4,5.2,6.0,0
2023-12-26,Man United,Aston Villa,H,0.4,1.4,14.6,3.4,5.8,4.0,1.4,0.8,14.0,4.4,7.4,11.0,0
2023-12-26,Bournemouth,Fulham,H,2.6,1.0,15.4,6.6,6.6,13.0,2.6,1.8,12.4,5.6,4.4,6.0,0
2023-12-26,Sheffield United,Luton,A,0.4,2.0,6.4,2.2,2.6,4.0,1.6,2.0,8.2,3.0,4.8,6.0,2
2023-12-26,Newcastle,Nott'm Forest,A,1.0,1.6,17.2,4.4,5.4,6.0,0.6,2.4,10.2,2.2,4.0,1.0,2
2023-12-26,Burnley,Liverpool,A,1.6,0.8,11.6,3.4,5.8,7.0,1.8,1.0,20.4,6.6,7.2,11.0,2
2023-12-27,Brentford,Wolves,A,1.0,1.4,11.6,3.6,4.4,3.0,1.0,1.4,10.2,4.0,5.2,7.0,2
2023-12-27,Chelsea,Crystal Palace,H,1.4,1.6,13.6,4.6,6.0,6.0,1.0,1.6,9.8,2.8,3.2,3.0,0
2023-12-27,Everton,Man City,A,1.8,0.4,13.8,5.6,5.2,12.0,1.6,1.6,14.6,5.2,5.6,6.0,2
2023-12-28,Brighton,Tottenham,H,1.2,1.6,17.8,6.8,5.2,5.0,2.4,1.4,15.8,7.0,5.2,10.0,0
2023-12-28,Arsenal,West Ham,A,1.8,1.2,18.6,6.2,6.0,10.0,1.6,1.4,10.8,4.4,4.4,10.0,2
2023-12-30,Aston Villa,Burnley,H,1.4,1.0,13.8,4.6,7.2,10.0,0.6,1.2,9.6,2.0,5.4,4.0,0
2023-12-30,Luton,Chelsea,A,1.8,2.2,9.0,3.2,4.8,6.0,1.2,1.4,13.8,4.4,5.8,6.0,2
2023-12-30,Man City,Sheffield United,H,2.0,1.6,16.0,6.0,4.6,8.0,0.8,1.6,9.4,2.8,4.2,4.0,0
2023-12-30,Crystal Palace,Brentford,H,1.0,1.8,10.6,3.4,3.2,2.0,1.2,2.0,12.6,3.8,5.8,3.0,0
2023-12-30,Nott'm Forest,Man United,H,1.2,2.4,10.6,3.0,3.6,4.0,1.0,1.6,15.6,4.6,5.8,7.0,0
2023-12-30,Wolves,Everton,H,1.6,1.2,11.2,4.4,5.6,10.0,1.8,1.0,12.8,5.4,6.2,9.0,0
2023-12-31,Fulham,Arsenal,H,2.0,1.6,12.2,5.2,4.6,6.0,1.4,1.4,20.8,6.6,7.2,7.0,0
2023-12-31,Tottenham,Bournemouth,H,2.2,1.6,18.0,6.8,4.8,9.0,2.6,0.8,14.0,5.2,6.4,13.0,0
2024-01-01,Liverpool,Newcastle,H,1.4,0.4,19.0,6.2,7.4,11.0,1.0,2.2,16.6,5.0,6.0,3.0,0
2024-01-02,West Ham,Brighton,D,1.8,1.2,10.2,4.4,4.6,12.0,1.6,1.4,17.2,6.8,5.0,8.0,1
2024-01-12,Burnley,Luton,D,1.0,1.6,9.0,2.4,4.2,4.0,2.0,2.2,10.6,4.2,5.2,6.0,1
2024-01-13,Chelsea,Fulham,H,1.6,1.4,13.6,5.4,5.4,9.0,1.4,1.8,12.4,4.8,4.4,6.0,0
2024-01-13,Newcastle,Man City,A,1.4,2.4,15.0,5.0,6.2,3.0,1.8,1.0,16.0,6.0,5.0,10.0,2
2024-01-14,Everton,Aston Villa,D,1.2,1.6,10.6,4.2,5.6,6.0,1.8,1.4,13.2,4.6,7.2,10.0,1
2024-01-14,Man United,Tottenham,D,0.8,1.8,12.0,3.8,4.4,4.0,2.6,1.4,15.8,6.6,4.0,12.0,1
2024-01-20,Arsenal,Crystal Palace,H,0.8,1.2,18.8,5.4,6.4,4.0,1.6,1.6,10.0,4.0,4.0,5.0,0
2024-01-20,Brentford,Nott'm Forest,H,0.8,2.4,9.0,3.4,5.2,0.0,1.6,1.6,11.4,3.2,4.2,7.0,0
2024-01-21,Sheffield United,West Ham,D,0.8,1.6,9.0,3.0,4.2,4.0,1.4,1.0,9.2,3.8,4.2,10.0,1
2024-01-21,Bournemouth,Liverpool,A,2.4,1.0,15.8,4.6,7.6,12.0,1.8,0.8,22.8,7.6,6.4,11.0,2
2024-01-22,Brighton,Wolves,D,1.2,1.2,18.0,7.0,3.6,6.0,2.0,1.2,12.2,4.8,5.4,10.0,1
2024-01-30,Aston Villa,Newcastle,A,1.6,1.4,14.4,5.0,7.6,8.0,1.6,2.2,15.6,5.4,5.6,3.0,2
2024-01-30,Luton,Brighton,H,1.6,1.6,12.2,4.4,6.2,7.0,1.0,1.0,14.4,5.6,3.4,6.0,0
2024-01-30,Fulham,Everton,D,0.4,2.0,12.4,4.0,4.6,3.0,0.8,1.6,10.8,3.6,5.6,4.0,1
2024-01-30,Nott'm Forest,Arsenal,A,1.8,2.0,12.2,3.4,4.4,6.0,1.8,1.0,20.6,5.6,7.0,7.0,2
2024-01-30,Crystal Palace,Sheffield United,H,1.4,2.2,10.8,4.2,4.2,5.0,1.0,2.0,11.4,3.4,4.4,2.0,0
2024-01-31,Man City,Burnley,H,2.4,1.2,21.0,7.8,7.6,13.0,1.0,1.6,10.4,3.2,4.4,4.0,0
2024-01-31,Tottenham,Brentford,H,2.2,1.6,14.4,5.4,6.0,10.0,1.2,2.4,9.6,4.0,5.8,3.0,0
2024-01-31,Liverpool,Chelsea,H,2.2,0.6,22.8,8.6,6.4,11.0,1.8,1.0,13.8,5.2,5.0,12.0,0
2024-02-01,West Ham,Bournemouth,D,1.8,0.4,10.6,3.8,3.2,11.0,2.0,1.8,15.8,4.0,7.4,9.0,1
2024-02-01,Wolves,Man United,A,1.8,1.0,11.8,4.6,5.0,10.0,1.2,1.6,9.8,3.6,4.0,5.0,2
2024-02-03,Sheffield United,Aston Villa,A,1.4,2.2,12.0,4.2,3.4,2.0,1.4,1.8,13.8,5.2,6.8,5.0,2
2024-02-03,Brighton,Crystal Palace,H,1.0,1.4,15.0,5.8,4.0,6.0,1.6,2.2,12.2,4.6,6.2,7.0,0
2024-02-03,Burnley,Fulham,D,1.2,1.8,9.2,3.4,3.4,4.0,0.4,1.4,16.2,4.4,7.4,4.0,1
2024-02-03,Newcastle,Luton,D,1.6,2.4,13.0,4.4,6.0,3.0,2.2,1.2,15.0,5.6,6.4,10.0,1
2024-02-03,Everton,Tottenham,D,0.4,1.6,13.2,3.2,5.6,2.0,2.4,2.0,15.8,5.2,6.2,10.0,1
2024-02-04,Man United,West Ham,H,2.0,2.2,12.8,5.0,5.0,7.0,1.4,0.6,9.8,3.6,2.2,9.0,0
2024-02-04,Arsenal,Liverpool,H,1.8,1.2,19.2,4.4,7.2,7.0,3.0,0.8,21.6,9.6,5.6,13.0,0
2024-02-04,Bournemouth,Nott'm Forest,D,1.6,2.0,15.6,4.0,7.6,7.0,2.0,2.0,11.0,3.8,3.6,6.0,1
2024-02-04,Chelsea,Wolves,A,1.6,1.8,11.6,4.6,3.8,9.0,2.4,1.2,12.2,5.4,4.6,10.0,2
2024-02-05,Brentford,Man City,A,1.6,2.8,9.4,4.2,5.6,3.0,2.6,1.2,20.2,7.4,8.4,13.0,2
2024-02-10,Man City,Everton,H,2.8,1.0,21.4,8.6,9.8,15.0,0.6,1.6,12.4,2.6,5.8,3.0,0
2024-02-10,Fulham,Bournemouth,H,0.8,1.4,15.4,4.8,8.4,5.0,1.2,1.8,13.8,3.0,8.6,5.0,0
2024-02-10,Luton,Sheffield United,A,2.8,2.0,14.0,6.2,5.6,8.0,1.2,3.0,13.0,4.8,3.8,1.0,2
2024-02-10,Tottenham,Brighton,H,2.4,2.2,15.0,5.2,6.6,8.0,1.6,1.4,14.0,5.8,4.4,8.0,0
2024-02-10,Wolves,Brentford,A,2.8,1.4,12.2,5.6,2.8,10.0,1.6,3.0,10.4,4.2,5.8,3.0,2
2024-02-10,Nott'm Forest,Newcastle,A,1.8,1.6,10.4,4.0,3.6,7.0,2.4,3.0,13.8,5.2,6.2,4.0,2
2024-02-10,Liverpool,Burnley,H,3.0,1.2,21.0,9.2,5.6,12.0,1.2,2.2,10.2,3.8,2.6,2.0,0
2024-02-11,West Ham,Arsenal,A,1.0,1.2,11.8,3.2,3.0,6.0,2.2,1.2,19.6,5.4,6.6,9.0,2
2024-02-11,Aston Villa,Man United,A,2.2,1.6,14.2,6.4,5.8,7.0,2.6,1.8,13.0,5.4,5.2,10.0,2
2024-02-12,Crystal Palace,Chelsea,A,1.6,2.8,11.4,5.0,6.0,6.0,1.8,2.2,11.4,4.8,4.6,9.0,2
2024-02-17,Fulham,Aston Villa,A,1.4,1.0,15.2,5.4,7.6,8.0,2.0,1.4,16.8,7.6,6.6,7.0,2
2024-02-17,Brentford,Liverpool,A,1.8,2.2,9.4,4.6,5.0,6.0,3.2,1.4,22.2,9.2,6.6,12.0,2
2024-02-17,Man City,Chelsea,D,2.6,0.8,20.6,7.4,10.8,15.0,2.0,2.2,12.4,5.0,5.2,9.0,1
2024-02-17,Burnley,Arsenal,A,1.4,2.4,10.2,4.6,2.4,2.0,3.4,0.8,18.6,6.2,5.8,12.0,2
2024-02-17,Nott'm Forest,West Ham,H,1.6,2.0,10.0,3.4,4.0,4.0,0.6,2.4,11.6,2.8,2.8,3.0,0
2024-02-17,Newcastle,Bournemouth,D,2.8,2.8,11.4,4.8,5.0,7.0,0.8,2.4,15.6,3.0,10.2,2.0,1
2024-02-17,Tottenham,Wolves,A,2.4,1.6,14.4,5.8,7.2,11.0,2.0,1.6,13.4,5.6,3.8,7.0,2
2024-02-18,Sheffield United,Brighton,A,1.4,2.6,10.2,4.2,2.2,4.0,1.0,1.4,12.2,4.6,4.2,5.0,2
2024-02-18,Luton,Man United,A,2.4,2.2,15.6,6.4,7.4,5.0,2.4,1.6,13.8,5.0,6.2,10.0,2
2024-02-19,Everton,Crystal Palace,D,0.4,1.4,12.0,2.4,4.2,3.0,1.6,3.0,11.4,4.8,5.6,6.0,1
2024-02-20,Man City,Brentford,H,2.4,1.0,23.2,7.6,10.8,13.0,1.8,2.4,10.6,5.0,4.4,6.0,0
2024-02-21,Liverpool,Luton,H,3.2,1.2,18.4,7.8,6.4,12.0,2.2,2.0,17.0,6.0,7.6,5.0,0
2024-02-24,Aston Villa,Nott'm Forest,H,1.8,1.2,15.4,6.8,6.2,7.0,1.6,1.8,12.2,4.6,4.2,4.0,0
2024-02-24,Brighton,Everton,D,2.0,1.4,12.6,5.0,6.2,7.0,0.6,1.0,13.8,3.2,4.4,4.0,1
2024-02-24,Man United,Fulham,A,2.6,1.4,16.0,5.8,6.4,13.0,1.2,1.2,15.2,5.4,7.4,5.0,2
2024-02-24,Bournemouth,Man City,A,1.0,2.2,13.2,3.6,8.0,3.0,2.0,0.6,22.8,7.6,10.2,13.0,2
2024-02-24,Arsenal,Newcastle,H,4.2,0.4,19.2,7.0,6.2,15.0,2.8,2.4,13.8,5.2,5.2,8.0,0
2024-02-24,Crystal Palace,Burnley,H,1.2,3.0,10.8,4.4,5.4,4.0,1.0,2.8,10.0,3.6,2.8,2.0,0
2024-02-25,Wolves,Sheffield United,H,1.8,1.8,13.4,5.8,3.6,7.0,1.4,3.2,10.6,4.0,2.8,4.0,0
2024-02-26,West Ham,Brentford,H,0.6,2.8,12.4,3.0,3.0,2.0,1.2,2.2,9.6,4.4,3.4,3.0,0
2024-03-02,Luton,Aston Villa,A,2.2,2.6,16.6,5.6,6.8,4.0,2.6,1.6,15.4,7.0,6.6,9.0,2
2024-03-02,Tottenham,Crystal Palace,H,2.0,1.8,15.0,5.4,8.4,8.0,1.8,2.0,11.4,4.6,6.4,7.0,0
2024-03-02,Nott'm Forest,Liverpool,A,1.6,2.0,11.8,4.6,3.8,4.0,3.2,1.4,21.4,9.0,8.0,12.0,2
2024-03-02,Everton,West Ham,A,0.8,1.2,13.0,3.4,4.2,4.0,1.0,2.8,12.6,3.2,3.0,4.0,2
2024-03-02,Newcastle,Wolves,H,2.6,2.6,12.0,4.6,4.6,8.0,2.0,1.8,14.4,5.6,4.2,9.0,0
2024-03-02,Fulham,Brighton,H,1.6,1.2,15.8,5.6,8.4,8.0,2.2,1.6,15.0,5.6,6.8,7.0,0
2024-03-02,Brentford,Chelsea,D,1.2,2.4,10.6,5.0,4.2,3.0,1.6,2.0,11.8,4.6,5.0,7.0,1
2024-03-03,Man City,Man United,H,1.6,0.4,23.0,8.0,10.4,13.0,2.4,1.4,18.4,7.2,6.8,12.0,0
2024-03-03,Burnley,Bournemouth,A,0.8,3.2,7.8,2.2,3.0,1.0,1.0,1.6,13.6,4.2,7.0,3.0,2
2024-03-04,Sheffield United,Arsenal,A,1.0,3.0,8.8,3.6,3.2,3.0,4.0,0.6,18.6,7.4,6.8,15.0,2
2024-03-09,Man United,Everton,H,1.8,1.4,14.8,5.8,6.2,9.0,1.0,1.8,13.2,4.8,3.8,3.0,0
2024-03-09,Bournemouth,Sheffield United,D,1.2,1.4,13.8,4.0,6.4,5.0,0.6,3.6,7.8,2.6,3.0,3.0,1
2024-03-09,Crystal Palace,Luton,D,1.4,2.2,9.8,4.0,4.4,4.0,1.8,3.2,15.6,5.0,7.0,1.0,1
2024-03-09,Arsenal,Brentford,H,4.8,0.4,19.2,8.8,6.0,15.0,1.4,2.2,11.6,5.4,2.6,4.0,0
2024-03-09,Wolves,Fulham,H,1.4,1.6,13.6,4.8,4.4,9.0,2.2,1.2,13.2,5.4,5.8,10.0,0
2024-03-10,Aston Villa,Tottenham,A,3.0,1.4,15.4,7.4,6.2,12.0,2.2,1.6,14.6,5.4,8.0,10.0,2
2024-03-10,Brighton,Nott'm Forest,H,2.2,1.4,16.2,6.2,7.2,7.0,1.4,1.8,11.6,4.4,4.0,4.0,0
2024-03-10,West Ham,Burnley,D,1.4,2.8,13.2,3.6,3.8,6.0,0.6,3.0,10.2,2.8,3.8,1.0,1
2024-03-10,Liverpool,Man City,D,2.6,1.2,20.2,6.8,8.8,12.0,1.6,0.4,23.4,6.6,10.8,13.0,1
2024-03-11,Chelsea,Newcastle,H,1.8,2.4,11.8,5.2,5.0,5.0,2.6,2.4,12.0,5.0,3.8,8.0,0
2024-03-13,Bournemouth,Luton,H,1.4,1.6,18.4,6.0,6.2,5.0,1.2,2.6,15.0,3.8,7.8,1.0,0
2024-03-16,Fulham,Tottenham,H,2.0,1.2,14.8,5.2,4.0,9.0,2.4,1.2,12.6,5.4,7.8,10.0,0
2024-03-16,Burnley,Brentford,H,0.6,3.0,10.0,2.8,4.2,1.0,1.2,2.6,11.6,5.0,2.6,1.0,0
2024-03-16,Luton,Nott'm Forest,D,1.6,2.8,12.6,3.6,5.8,1.0,1.2,1.8,11.8,4.0,3.4,3.0,1
2024-03-17,West Ham,Aston Villa,D,1.8,2.6,13.2,3.8,3.0,7.0,2.0,2.2,14.6,5.6,6.6,9.0,1
2024-03-30,Brentford,Man United,D,1.2,2.2,10.4,4.8,3.2,1.0,1.6,1.4,15.4,6.4,6.2,9.0,1
2024-03-30,Aston Villa,Wolves,H,2.0,2.0,12.6,4.6,6.8,10.0,1.0,1.4,12.4,4.0,4.8,9.0,0
2024-03-30,Tottenham,Luton,H,2.0,1.4,13.6,5.2,7.8,9.0,1.6,2.6,10.2,3.6,5.4,2.0,0
2024-03-30,Newcastle,West Ham,H,2.2,2.2,10.4,4.4,3.0,7.0,2.0,1.6,14.8,4.6,4.0,8.0,0
2024-03-30,Nott'm Forest,Crystal Palace,D,1.0,1.4,12.4,4.6,4.0,4.0,1.4,1.6,12.6,3.8,5.6,5.0,1
2024-03-30,Chelsea,Burnley,D,2.2,2.0,13.4,6.2,4.8,8.0,0.8,2.6,11.6,3.2,4.6,4.0,1
2024-03-30,Bournemouth,Everton,H,2.0,1.6,18.2,7.2,5.6,8.0,0.6,1.8,15.0,5.0,3.6,2.0,0
2024-03-30,Sheffield United,Fulham,D,1.0,3.0,8.4,3.4,3.0,4.0,2.0,1.0,16.6,5.4,4.6,9.0,1
2024-03-31,Liverpool,Brighton,H,2.6,0.8,22.0,7.8,9.4,13.0,1.6,1.2,15.6,5.6,7.8,7.0,0
2024-03-31,Man City,Arsenal,D,1.4,0.6,21.6,7.2,9.8,11.0,4.6,0.4,19.6,8.6,7.6,15.0,1
2024-04-02,Burnley,Wolves,D,1.2,2.0,13.6,4.6,4.6,5.0,1.0,1.4,11.6,3.6,4.2,9.0,1
2024-04-02,West Ham,Tottenham,D,2.6,2.0,14.8,4.8,4.2,8.0,2.0,1.4,13.8,4.8,6.6,9.0,1
2024-04-02,Nott'm Forest,Fulham,H,0.8,1.6,11.0,4.0,3.8,2.0,2.4,1.2,18.4,6.4,6.8,10.0,0
2024-04-02,Newcastle,Everton,D,2.4,2.4,13.8,5.2,2.8,7.0,0.8,1.8,15.4,5.4,5.2,2.0,1
2024-04-02,Bournemouth,Crystal Palace,H,2.0,1.4,18.0,6.6,7.0,10.0,1.4,1.2,12.0,3.6,6.6,6.0,0
2024-04-03,Arsenal,Luton,H,3.4,0.4,15.8,6.6,7.2,13.0,1.6,2.2,9.2,3.6,5.8,2.0,0
2024-04-03,Brentford,Brighton,D,1.4,2.2,15.4,5.4,5.8,2.0,1.6,1.2,16.2,5.6,7.4,7.0,1
2024-04-03,Man City,Aston Villa,H,1.2,0.4,17.8,6.4,8.8,11.0,2.0,1.8,12.4,5.0,7.0,10.0,0
2024-04-04,Liverpool,Sheffield United,H,2.4,0.8,23.0,7.4,9.2,13.0,1.0,3.4,8.6,3.6,3.2,2.0,0
2024-04-04,Chelsea,Man United,H,2.2,1.6,17.0,7.6,5.2,9.0,1.4,1.4,14.2,6.4,5.4,7.0,0
2024-04-06,Brighton,Arsenal,A,0.6,1.2,16.2,4.8,6.4,5.0,2.8,0.4,15.2,6.0,6.6,13.0,2
2024-04-06,Luton,Bournemouth,H,1.2,2.0,7.6,2.8,4.4,2.0,2.2,1.2,17.6,7.0,8.2,13.0,0
2024-04-06,Wolves,West Ham,A,0.8,1.4,10.8,2.6,4.2,7.0,2.0,1.8,13.6,4.4,5.8,6.0,2
2024-04-06,Everton,Burnley,H,0.8,1.8,13.6,5.2,5.2,2.0,1.4,1.6,15.8,5.8,5.4,6.0,0
2024-04-06,Aston Villa,Brentford,D,1.4,2.2,10.8,4.4,6.2,7.0,1.0,1.4,13.6,4.2,4.6,3.0,1
2024-04-06,Crystal Palace,Man City,A,1.2,1.2,10.6,3.2,5.8,5.0,1.8,0.6,17.8,6.4,7.2,11.0,2
2024-04-06,Fulham,Newcastle,A,2.2,1.6,18.6,6.0,6.6,7.0,2.2,2.2,14.0,5.4,3.4,7.0,2
2024-04-07,Man United,Liverpool,D,1.6,2.0,13.8,5.6,4.8,4.0,2.2,0.8,25.8,7.6,10.6,13.0,1
2024-04-07,Sheffield United,Chelsea,D,1.2,3.0,9.0,4.0,2.4,2.0,2.4,2.0,19.8,8.6,6.2,9.0,1
2024-04-07,Tottenham,Nott'm Forest,H,2.0,1.2,13.4,4.8,5.6,10.0,1.0,1.0,12.2,4.2,4.0,5.0,0
2024-04-13,Nott'm Forest,Wolves,D,1.2,1.4,13.2,5.0,3.8,5.0,0.8,1.8,11.0,3.6,4.0,4.0,1
2024-04-13,Bournemouth,Man United,D,2.0,1.6,17.2,6.6,8.2,10.0,1.8,2.0,11.4,4.8,4.0,5.0,1
2024-04-13,Burnley,Brighton,D,1.4,1.4,13.0,4.8,5.0,6.0,0.4,1.6,13.6,3.8,5.8,4.0,1
2024-04-13,Brentford,Sheffield United,H,1.2,1.6,12.4,3.8,5.2,3.0,1.6,3.2,8.8,4.4,2.6,3.0,0
2024-04-13,Newcastle,Tottenham,H,2.2,1.4,15.8,6.0,4.0,10.0,2.0,1.2,14.0,5.0,5.8,10.0,0
2024-04-13,Man City,Luton,H,2.4,1.0,18.4,6.8,7.4,11.0,1.4,2.0,9.8,4.2,4.6,4.0,0
2024-04-14,Liverpool,Crystal Palace,A,1.8,1.0,25.6,6.4,10.2,11.0,1.0,2.0,9.0,2.8,3.8,2.0,2
2024-04-14,West Ham,Fulham,A,1.8,1.8,13.4,4.2,5.6,6.0,1.6,1.8,19.0,5.8,9.0,4.0,2
2024-04-14,Arsenal,Aston Villa,A,2.6,0.2,15.6,5.8,6.2,13.0,1.4,2.4,10.6,3.4,7.2,5.0,2
2024-04-15,Chelsea,Everton,H,2.6,2.2,19.2,8.0,7.2,9.0,0.8,1.6,14.8,5.2,5.2,4.0,0
2024-04-20,Luton,Brentford,A,1.0,2.2,9.0,3.8,4.2,4.0,1.4,1.2,12.4,4.0,5.0,6.0,2
2024-04-20,Sheffield United,Burnley,A,1.6,2.4,9.6,4.8,3.8,3.0,1.2,1.2,13.0,4.6,5.0,6.0,2
2024-04-20,Wolves,Arsenal,A,1.2,1.6,10.8,3.8,3.2,5.0,1.4,0.6,14.8,4.6,5.6,10.0,2
2024-04-21,Fulham,Liverpool,A,1.8,1.4,18.0,6.6,8.8,7.0,1.6,1.2,25.4,7.2,10.0,8.0,2
2024-04-21,Everton,Nott'm Forest,H,0.6,2.2,12.4,3.4,6.0,4.0,1.6,1.6,15.0,6.0,5.2,6.0,0
2024-04-21,Aston Villa,Bournemouth,H,1.8,1.6,10.8,3.6,7.2,8.0,2.0,1.6,14.8,5.2,7.6,10.0,0
2024-04-21,Crystal Palace,West Ham,H,1.0,1.4,9.8,3.6,3.8,5.0,1.4,1.8,12.0,4.2,6.4,5.0,0
2024-04-23,Arsenal,Chelsea,H,1.4,0.4,16.2,5.2,4.0,10.0,3.4,1.8,18.6,8.8,6.8,11.0,0
2024-04-24,Everton,Liverpool,H,1.0,1.8,9.2,3.0,5.6,7.0,2.0,1.2,24.4,7.4,9.4,10.0,0
2024-04-24,Crystal Palace,Newcastle,H,1.8,1.6,9.2,4.2,3.0,7.0,2.4,1.4,16.6,5.6,6.6,10.0,0
2024-04-24,Wolves,Bournemouth,A,0.8,1.8,10.2,3.8,2.8,2.0,1.4,1.6,12.8,4.4,6.2,7.0,2
2024-04-24,Man United,Sheffield United,H,2.0,1.8,12.4,5.0,4.0,6.0,1.4,2.8,10.6,5.2,5.4,2.0,0
2024-04-25,Brighton,Man City,A,0.6,1.2,14.6,4.4,5.6,5.0,2.8,1.0,19.6,7.8,6.8,11.0,2
2024-04-27,West Ham,Liverpool,D,1.6,2.6,10.2,3.4,5.0,4.0,1.6,1.4,23.0,7.2,10.4,7.0,1
2024-04-27,Fulham,Crystal Palace,D,1.4,2.0,17.2,6.2,8.2,4.0,2.0,1.4,11.2,5.0,3.2,9.0,1
2024-04-27,Man United,Burnley,D,2.4,2.2,14.4,6.0,4.8,6.0,1.6,1.2,12.8,5.2,4.4,6.0,1
2024-04-27,Newcastle,Sheffield United,H,2.0,1.2,15.8,5.4,6.2,10.0,1.2,3.0,11.0,5.2,5.8,1.0,0
2024-04-27,Wolves,Luton,H,0.8,1.6,10.6,4.0,3.6,2.0,1.0,3.0,8.2,3.6,3.8,3.0,0
2024-04-27,Aston Villa,Chelsea,D,2.2,1.6,11.0,3.4,6.6,10.0,2.8,2.4,17.6,7.4,7.2,8.0,1
2024-04-27,Everton,Brentford,H,1.2,1.4,11.0,3.6,4.8,10.0,2.2,1.0,14.8,4.8,6.0,9.0,0
2024-04-28,Bournemouth,Brighton,H,1.2,1.4,14.8,4.8,6.8,7.0,0.4,2.0,14.0,4.4,5.2,2.0,0
2024-04-28,Tottenham,Arsenal,A,1.2,2.0,14.4,4.4,5.6,7.0,2.4,0.4,20.4,6.8,4.0,12.0,2
2024-04-28,Nott'm Forest,Man City,A,1.4,1.8,13.4,5.4,4.6,5.0,3.4,0.8,20.4,7.8,6.8,13.0,2
2024-05-02,Chelsea,Tottenham,H,2.8,2.4,15.2,5.8,5.6,8.0,1.6,2.0,14.4,3.8,6.2,7.0,0
2024-05-03,Luton,Everton,D,1.0,3.0,8.6,4.2,3.4,3.0,1.2,1.2,12.6,3.2,5.4,12.0,1
2024-05-04,Sheffield United,Nott'm Forest,A,1.2,3.4,12.4,5.6,6.6,1.0,1.2,2.0,13.8,4.8,4.6,4.0,2
2024-05-04,Man City,Wolves,H,3.8,0.8,20.2,8.6,6.4,15.0,1.0,1.6,11.6,4.6,3.6,4.0,0
2024-05-04,Arsenal,Bournemouth,H,2.6,0.8,19.6,6.6,4.6,12.0,1.6,1.4,15.6,4.8,6.6,7.0,0
2024-05-04,Brentford,Fulham,D,2.0,1.0,10.6,4.6,4.4,8.0,1.0,1.6,14.2,4.8,6.2,4.0,1
2024-05-04,Burnley,Newcastle,A,1.4,1.0,12.4,5.2,4.6,6.0,2.2,0.8,15.0,5.0,6.4,10.0,2
2024-05-05,Liverpool,Tottenham,H,1.4,1.6,22.8,7.0,9.4,5.0,1.2,2.2,14.8,3.6,7.4,4.0,0
2024-05-05,Chelsea,West Ham,H,2.4,1.8,12.8,4.8,4.0,8.0,1.4,2.2,10.4,4.2,5.2,5.0,0
2024-05-05,Brighton,Aston Villa,H,0.2,2.2,14.8,4.0,4.8,2.0,2.2,2.0,10.6,3.2,6.0,8.0,0
2024-05-06,Crystal Palace,Man United,H,2.2,1.4,13.4,5.4,4.6,10.0,2.4,2.2,17.6,7.0,5.2,6.0,0
2024-05-11,Nott'm Forest,Chelsea,A,1.2,2.0,13.6,4.8,4.6,4.0,3.0,1.4,16.6,7.0,4.4,10.0,2
2024-05-11,West Ham,Luton,H,1.2,3.0,10.8,3.8,4.6,4.0,1.2,2.8,11.2,5.0,4.8,4.0,0
2024-05-11,Wolves,Crystal Palace,A,1.0,2.2,9.2,3.4,2.8,4.0,2.6,0.6,15.6,6.6,5.4,13.0,2
2024-05-11,Everton,Sheffield United,H,1.2,1.4,12.2,3.2,6.2,10.0,1.0,3.6,13.6,5.4,6.2,0.0,0
2024-05-11,Bournemouth,Brentford,A,1.4,1.6,15.4,5.0,6.4,7.0,2.0,1.0,11.0,4.8,5.6,8.0,2
2024-05-11,Fulham,Man City,A,0.8,1.0,13.6,4.8,5.8,5.0,4.0,0.8,19.2,8.8,7.2,15.0,2
2024-05-11,Newcastle,Brighton,D,2.8,0.8,16.0,6.0,7.2,12.0,0.4,2.2,13.0,4.4,5.2,4.0,1
2024-05-11,Tottenham,Burnley,H,1.4,2.8,14.4,4.0,7.0,3.0,1.4,1.6,13.2,5.0,4.0,5.0,0
2024-05-12,Man United,Arsenal,A,1.8,2.2,15.2,6.4,5.2,6.0,2.6,0.8,20.6,7.0,4.4,12.0,2
2024-05-13,Aston Villa,Liverpool,D,2.0,1.4,9.4,2.8,6.0,8.0,1.8,1.6,22.2,8.2,8.8,7.0,1
2024-05-14,Tottenham,Man City,A,1.2,2.8,15.2,4.4,6.4,3.0,4.0,0.4,18.8,9.0,6.8,15.0,2
2024-05-15,Brighton,Chelsea,A,0.6,1.8,14.0,4.8,4.4,5.0,2.4,1.8,16.2,6.0,4.8,10.0,2
2024-05-15,Man United,Newcastle,H,1.4,2.0,16.2,5.8,4.8,5.0,2.8,1.0,17.2,6.4,8.2,10.0,0
2024-05-19,Luton,Fulham,A,1.0,3.2,8.2,3.4,4.6,1.0,0.8,1.6,11.0,4.2,3.2,5.0,2
2024-05-19,Arsenal,Everton,H,2.8,0.4,19.2,7.2,5.0,15.0,1.4,0.2,13.2,4.0,5.2,13.0,0
2024-05-19,Brentford,Newcastle,A,1.8,0.6,11.6,5.2,6.6,10.0,2.4,1.6,17.8,7.0,6.8,7.0,2
2024-05-19,Brighton,Man United,A,0.6,2.0,12.4,3.6,4.2,4.0,1.6,2.0,18.0,7.0,6.2,7.0,2
2024-05-19,Burnley,Nott'm Forest,A,1.6,1.8,13.4,5.4,3.6,5.0,1.4,2.0,15.0,4.4,5.2,4.0,2
2024-05-19,Chelsea,Bournemouth,H,2.8,1.0,17.4,7.0,5.6,13.0,1.2,1.6,14.0,4.8,5.6,6.0,0
2024-05-19,Sheffield United,Tottenham,A,1.0,3.4,14.6,5.2,6.2,0.0,1.2,2.4,15.0,5.0,7.2,3.0,2
2024-05-19,Liverpool,Wolves,H,2.4,2.0,20.8,8.4,7.4,8.0,0.8,2.4,9.6,4.0,4.2,3.0,0
2024-05-19,Man City,West Ham,H,3.4,0.2,13.8,7.4,5.2,15.0,1.4,3.0,13.4,4.6,5.2,4.0,0
2024-05-19,Crystal Palace,Aston Villa,H,3.0,0.8,16.6,6.2,5.8,13.0,2.0,1.4,11.0,3.2,4.8,8.0,0
